ICS209,citation_link,date,time,unique_fact
36,https://www.facebook.com/reedtimmer2.0/photos/a.169775739168/10157588406314169/,8/28/2019,11:25:00 AM,National Hurricane Center has upped their intensity forecast with a CATEGORY 3 Hurricane Dorian making landfall in central east coast of FL on Monday! Rapid intensification expected after passing near St Thomas later today with a bend to the west expected this weekend
36,https://fb.watch/i-9F1f6FvS/,8/29/2019,2:55:00 PM,Florida residents wait in a long line to stock up on sandbags as Hurricane Dorian could make landfall in the Sunshine State as a Category 4.
36,https://twitter.com/USATODAY/status/1167207298491715584?s=20,8/29/2019,6:48:00 PM,sustained winds of at least 111 mph – by Friday
35,https://twitter.com/weatherchannel/status/1167211074581598209?s=20,8/29/2019,7:03:00 PM,"We're not sure where #Dorian will make landfall, but we do know that this hurricane is going to be dangerous"
36,https://twitter.com/MJVentrice/status/1167211428681519106?s=20,8/29/2019,7:04:00 PM,Blue line represents the latest Calibrated ECMWF EPS track cone for Hurricane #Dorian.
36,https://twitter.com/TIME/status/1167214106480381959?s=20,8/29/2019,7:15:00 PM,Hurricane Dorian expected to hit Florida as a Category 4
34,https://twitter.com/MiamiMayor/status/1167214437557768193?s=20,8/29/2019,7:16:00 PM,Miami mayor joined City Manager as well as Commissioners and Willy Gort at our Emergency Operations Center to discuss how we are preparing for Hurricane #Dorian.
34,https://twitter.com/PBStateCollege/status/1167215746989973504?s=20,8/29/2019,7:21:00 PM,Palm Beach State College will be closed at 12 p.m. tomorrow in preparation for Hurricane Dorian. We encourage everyone to take a look at our Hurricane Preparedness Guide
38,https://twitter.com/Fox4Weather/status/1167216639244460033?s=20,8/29/2019,7:25:00 PM,all female crew aboard the Hurricane Hunter. These women are flying tonight's recon mission into Hurricane Dorian to gather critical data that gets input into computer models
38,https://twitter.com/TropicalTidbits/status/1167219071080960000?s=20,8/29/2019,7:34:00 PM,"A new reconnaissance aircraft is now entering Hurricane #Dorian to assess its intensity this evening."
34,https://twitter.com/WPLGLocal10/status/1167219603757510658?s=20,8/29/2019,7:36:00 PM,"As Hurricane Dorian disrupts travel plans, American Airlines waives fees to reschedule Florida flights"
36,https://twitter.com/EricHolthaus/status/1167220936095010822?s=20,8/29/2019,7:42:00 PM,"HWRF model, 72 hours from now. A formidable Category 4, half the size of Florida."
36,https://twitter.com/EricBraate/status/1167220921465262080?s=20,8/29/2019,7:42:00 PM,"HURRICANE DORIAN: Landfall looks to be somewhere between Melbourne and Miami.  NHC track, Euro & US Models all differ, but they all spell bad news for the whole Florida Peninsula"
34,https://twitter.com/RedCrossAZ/status/1167221165279997952?s=20,8/29/2019,7:43:00 PM,"RedCross is mobilizing hundreds of trained volunteers, and more than 30 tractor-trailer loads full of relief supplies to help people in the path of Hurricane Dorian. Locally, the AZ, NM & El Paso Region has sent 14 volunteers to FL"
28,https://www.facebook.com/reedtimmer2.0/posts/pfbid0jFTS4BUd5uJXFK3cUwZZwV77vYFBGyHxipvM37o6g6gmRvPhMxNnzNFCTdo3SngWl,8/29/2019,11:23:00 PM,‪HURRICANE DORIAN strengthening rapidly with minimum pressure down to 977 mb measured by Hurricane hunter aircraft with max sustained winds up to 105 mph! The updated NHC forecast now has a powerful category 4 with 140 mph sustained winds approaching central FL early next week
28,https://fb.watch/i-a0qbJIIL/,8/30/2019,12:29:00 AM,"Hurricane Dorian, which is forecast to become a highly dangerous Category 4 storm during the weekend, has hit US Virgin Islands"
34,https://twitter.com/AlachuaSchools/status/1167575293240008705?s=20,8/30/2019,7:10:00 PM,"Hurricane Dorian, Alachua County Public Schools will be closed on Tues, Sep 3"
38,https://twitter.com/Wx_Geek/status/1167576743919702017?s=20,8/30/2019,7:16:00 PM,"Aircraft Recon has found pressure reading of ~946 mb in the eye of Hurricane #Dorian. For reference, the 5 pm advisory from the NHC has it at 970 mb. Big drop in pressure"
36,https://twitter.com/AlaStormTracker/status/1167577256685985793?s=20,8/30/2019,7:18:00 PM,#Hurricane #Dorian going into hyper drive... down to estimated 946mb pending a sonde.  This bad boy dropped from 1000mb to est. ~946 mb in a 30 mile stretch.  Wild ride ahead...I expect a run at Cat 5
38,https://twitter.com/orlandosentinel/status/1167579171821776896?s=20,8/30/2019,7:25:00 PM,Hurricane Dorian prompts SunRail to suspend all service next week
36,https://twitter.com/EricBlake12/status/1167579300197011462?s=20,8/30/2019,7:26:00 PM,"#Dorian is quickly becoming the extremely powerful #hurricane that we feared, and it is headed for the NW Bahamas next"
38,https://twitter.com/MichaelRLowry/status/1167579629307289606?s=20,8/30/2019,7:27:00 PM,pressure reading of ~950 mb just now from NOAA Hurricane Hunters (5 PM estimate was 970 mb). Substantial pressure falls at the center of Hurricane #Dorian tonight. Significant strengthening is underway in an already dangerous storm
28,https://twitter.com/WeatherNation/status/1167580817108848640?s=20,8/30/2019,7:32:00 PM,Hurricane hunters measured 946 millibars in the eye of Dorian moments ago. The latest advisory showed 970 mb. This is a huge drop and shows a rapid intensification
38,https://twitter.com/AWritersLifeTBC/status/1167580930661343232?s=20,8/30/2019,7:32:00 PM, Shelves are empty. Gas stations are running out of gas too
36,https://twitter.com/DrKimWood/status/1167581184131514373?s=20,8/30/2019,7:33:00 PM,"I'm amazed by the spike in temperature (lower left plot, circled in blue) as the NOAA Hurricane Hunter aircraft penetrated #Dorian's eye. Warmer air indicates strong subsidence (sinking air) in the eye, a characteristic of intense hurricanes"
34,https://twitter.com/MyFLFamilies/status/1167583071471845376?s=20,8/30/2019,7:41:00 PM,"To assist families as they prepare for Hurricane Dorian, DCF has been approved by the USDA to release September food assistance benefits to all 67 counties."
38,https://twitter.com/AndySlater/status/1167584153262538752?s=20,8/30/2019,7:45:00 PM,Hurricane Dorian at 5 p.m. Winds: 115 mph Pressure: 970 mb // Hurricane Dorian at 8 p.m. Winds: 125 mph Pressure: 950 mb
38,https://twitter.com/nytimes/status/1167584051399725056?s=20,8/30/2019,7:45:00 PM,"Friday evening, Dorian was gaining strength over the Atlantic Ocean, a Category 3 storm with winds of 115 mph"
28,https://twitter.com/7Weather/status/1167584815866097667?s=20,8/30/2019,7:48:00 PM,8 PM Advisory issued.  Hurricane Dorian strengthened again.   Winds up to 125 mph
36,https://twitter.com/MorganKIRO7/status/1167585614482628609?s=20,8/30/2019,7:51:00 PM,Hurricane #Dorian looks on its way to becoming Category 4 very soon. Latest advisory: 125 max sustained winds but Hurricane Hunters have found stronger. Incredible 20 millibar drop in the low pressure center of the storm. Rapid intensification underway
34,https://www.facebook.com/jeff.galloway.94/posts/pfbid02mMLKo8rwiMZNe9PrktYdmALH3wxxKo6Lu9jR2ZGN3XBaZJRzhpwbrqt9skAQP4nMl,8/31/2019,8:18:00 AM,State of Ohio- Butler County Incident Management Team heading to Florida for Hurricane Dorian
28,https://www.facebook.com/MattDevittWeather/photos/a.331079453642527/2444505248966593/,8/31/2019,10:58:00 AM,"11 AM UPDATE: Hurricane Dorian models have consistently shifted east over the past 24 hours. While changes still do remain possible in final track, this is a positive enough trend for the NHC to remove SW Florida from the cone"
36,https://fb.watch/i-bhbxLbFR/,8/31/2019,4:14:00 PM,"The National Hurricane Center warned of a ""notable change"" to Hurricane Dorian's possible path into Tuesday, stressing that it could make landfall in Florida, Georgia or the Carolinas. Most of Florida remains in the so-called ""cone of uncertainty."""
35,https://twitter.com/NWSWakefieldVA/status/1167927116412772352?s=20,8/31/2019,6:28:00 PM,"Depending on the exact track of Hurricane Dorian, we have the potential to see direct impacts with regards to heavy rain, wind, and storm surge. However, immediate concerns are the increase risk for Rip Currents at the beaches beginning tomorrow"
36,https://twitter.com/NWSKansasCity/status/1167933427795906560,8/31/2019,6:53:00 PM,"""Here's a look at Hurricane Dorian via 1-min GOES-16 infrared satellite imagery. Pretty amazing detail, wouldn't you say?  The storm remains a dangerous category 4 storm with maximum sustained winds of 150 mph."""
36,https://twitter.com/WeatherNation/status/1167935093794471943?s=20,8/31/2019,7:00:00 PM,"The waves were getting larger on Elbow Cay in the northern Bahamas on Saturday.  If Hurricane Dorian stays on its present course, Elbow Cay could be directly impacted by the storm on Sunday and Monday.  Waves could reach heights of 20 feet!"
28,https://twitter.com/oliversalasl/status/1167938533505433605?s=20,8/31/2019,7:13:00 PM,Hurricane Dorian: South Carolina declares state of emergency as storm shifts course
28,https://twitter.com/breakingweather/status/1167940491293286400?s=20,8/31/2019,7:21:00 PM,"Hurricane Dorian slowed its forward progress Saturday, but increased its sustained wind speed, nearing Category 5 force"
35,https://twitter.com/Thomas1774Paine/status/1167942660910284805?s=20,8/31/2019,7:30:00 PM,Florida urged to plan for 7 days without power as Hurricane Dorian approaches
28,https://twitter.com/KatieWallsTV/status/1167942752568430594?s=20,8/31/2019,7:30:00 PM,"Hurricane #Dorian remains a powerful Cat. 4 storm as it moves toward the Bahamas, where Hurricane Warnings are in effect. A Tropical Storm Watch has been issued for Deerfield Beach to Sebastian Inlet in Florida."
38,https://twitter.com/GMA/status/1167942644263092227?s=20,8/31/2019,7:30:00 PM,picked up strength early Saturday and also changed direction -- with the current track forecast to possibly make landfall in the Carolinas late Wednesday
36,https://twitter.com/nytimesworld/status/1167943164444889088?s=20,8/31/2019,7:32:00 PM,Storm surges from Hurricane Dorian are expected to exceed 15 feet in the Bahamas
36,https://twitter.com/JackSillin/status/1167944214409175040?s=20,8/31/2019,7:36:00 PM,"two Hurricane Hunter planes investigating #Dorian this evening. The second has found a similar central pressure (942.5mb) but significantly higher winds within the NW eyewall (>140kts). If the NHC deems these values reliable, Dorian would be a Category 5 storm"
36,https://twitter.com/andrewwulfeck/status/1167945340512690177,8/31/2019,7:40:00 PM,"""Models have been shifting west this afternoon and now several either make landfall or come close to making a Florida landfall. This model (HWRF) jumped around 150 miles from its previous run to show major hurricane #Dorian making landfall on Tuesday evening near Cape Canaveral."""
36,https://twitter.com/andrewwulfeck/status/1167945340512690177?s=20,8/31/2019,7:40:00 PM,model (HWRF) jumped around 150 miles from its previous run to show major hurricane #Dorian making landfall on Tuesday evening near Cape Canaveral.
28,https://fb.watch/i-aSMj2wXG/,9/1/2019,8:19:00 AM,"Hurricane Dorian has finally strengthened to a Cat. 5 Hurricane as it approaches the Abaco Islands. This will be devastating for parts of the Bahamas w/ life-threatening storm surge, destructive winds & likely flash flooding"
36,https://twitter.com/USArmyNorth/status/1168178087755943941?t=gN8FW3djMWGqnVB0yDcZPA&s=19&fbclid=IwAR0d3dDaEJlno5LtYdRL2ByqKbBWUezkdqNnb6taiIkQFlBA57Wp6n2jkm8,9/1/2019,11:05:00 AM,#DYK we have a Super Sentinel we use to respond to disasters and emergencies? Its headed east for a potential Hurricane #Dorian response. We will use it to set up a command post if we're requested to help the response effort.
40,https://abcnews.go.com/Politics/mcaleenan-fema-headquarters-talks-dorians-approach-us-mainland/story?id=65314932,9/1/2019,11:20:00 AM,Multiple cabinet secretaries are briefed by FEMA acting director
40,https://abcnews.go.com/Politics/mcaleenan-fema-headquarters-talks-dorians-approach-us-mainland/story?id=65314932,9/1/2019,11:20:00 AM,"""We have 3,000 people already deployed across the federal government agencies for this storm,"" he said."
39,https://nypost.com/2019/09/01/hurricane-dorian-acting-fema-head-says-agency-is-short-staffed-but-ready-for-storm/,9/1/2019,12:11:00 PM,"Acting FEMA Director Pete Gaynor said Sunday that his agency is still short 2,000 reservists, but said it shouldn’t impact the government’s ability to handle Hurricane Dorian, which was upgraded to a Category 5 storm early Sunday."
31,https://twitter.com/NHC_Atlantic/status/1168223498180808706?t=mP3owMCeScw_nuYpDYOQNg&s=19&fbclid=IwAR14v4Ugf3ptMRzeGo2lYhOg8XlPt_pDfc8_KX9ux2CF7wbJO9xw8xj6rI0,9/1/2019,2:06:00 PM,The eye of #Dorian has made a second landfall at 2 pm EDT (1800 UTC) on Great Abaco Island near Marsh Harbour.  Maximum sustained winds were 185 mph at the time. This is tied for the strongest Atlantic hurricane landfall on record with the 1935 Labor Day hurricane.
32,https://www.foxnews.com/us/hurricane-dorian-bahamas-warning-florida-carolinas,9/1/2019,2:08:00 PM,"The storm made the first landfall at 12:40 p.m. in Elbow Cay and is located about 185 miles east of West Palm Beach, Florida."
35,https://www.foxnews.com/us/hurricane-dorian-bahamas-warning-florida-carolinas,9/1/2019,2:08:00 PM,"Wind gusts of over 220 mph and a storm surge of 18 to 23 feet above normal tide levels with higher ""destructive waves"" are forecast to continue for several hours over the affected areas. T"
38,https://www.foxnews.com/us/hurricane-dorian-bahamas-warning-florida-carolinas,9/1/2019,2:08:00 PM,"Government spokesman Kevin Harris said Sunday that Dorian is expected to impact some 73,000 residents and 21,000 homes"
34,https://www.foxnews.com/us/hurricane-dorian-bahamas-warning-florida-carolinas,9/1/2019,2:08:00 PM,"Officials in the Bahamas said Sunday that dozens of people were ignoring evacuation orders, and they were warned that they were placing their lives in danger."
35,https://www.foxnews.com/us/hurricane-dorian-bahamas-warning-florida-carolinas,9/1/2019,2:08:00 PM,"Between 12 to 24 inches of rain is forecast for the northwestern Bahamas, with isolated amounts up to 30 inches, according to the NHC. Dorian is also forecast to bring a life-threatening storm surge with water levels raised as much as 15 to 20 feet above normal in areas of onshore winds on the Abaco Islands and Grand Bahama Island."
30,https://fb.watch/i-bbMnWe3V/,9/1/2019,4:13:00 PM,Marsh Harbour is destroyed from Hurricane Dorian. They have another round to go because this was filmed during the eye of the storm
34,https://fb.watch/i-asvP-AGg/,9/1/2019,6:16:00 PM,READY TO HELP: Hundreds of utility trucks from 34 states are now in Florida to help restore power in preparation for Hurricane Dorian
30,https://twitter.com/AndreaCudaCine/status/11683052156673556499,9/1/2019,7:30:00 PM,"""I've  been working on a show out in the Bahamas, and they are being just ravaged by Hurricane Dorian. I don't think there is a lot of coverage in the local media of the damage that is happening here, because we will mainly here about Florida."""
31,https://twitter.com/NOAASatellitePA/status/1168305570824314882,9/1/2019,7:32:00 PM,"UPDATE: NOAA's #GOES16 watches the sun set on Cat. 5 #HurricaneDorian, as it slammed into Great Abaco today. With wind gusts more than 220 mph & storm surge 18 to 23 feet above normal, @NHC_Atlantic says #Dorian's western eyewall is approaching eastern #GrandBahamaIsland."
31,https://twitter.com/CelinaDomEnergy/status/1168307504364888064,9/1/2019,7:39:00 PM,"KTSM's Satellite is showing, Hurricane Dorian's 'Eye' made landfall on Marsh Harbour around 10 a.m. taking more than 7 hours to move through. Next hit for the eye, Freeport.  Dorian its self is 65 miles away from Florida."
28,https://twitter.com/OfficialJoelF/status/1168312149527138306,9/1/2019,7:58:00 PM,"""8 PM UPDATE: Hurricane Dorian maintains same max wind speed of 185 MPH. Still moving west at 5 MPH.  NHC forecasts move west to west-northwest will occur over next 1-2 days. After that, a turn northwest is expected. Here’s a satellite loop of Dorian"""
34,https://www.facebook.com/bestfriendsanimalsociety/posts/pfbid0LiKZGT47RuX9dR3ZFSMgE46yc6RihKEee3o9dxrBrS7dYbGkm6NLFiHC5e6ZokAal,9/1/2019,8:23:00 PM,"Thanks to shelters and volunteers working together all across the east coast, hundreds of animals are being transported out of harm's way — just like these animals leaving Charleston Animal Society to rescues further north or inland"
32,https://www.washingtonpost.com/weather/2019/09/01/catastrophic-hurricane-dorian-unleashes-devastating-blow-northern-bahamas-takes-aim-southeast-us/?fbclid=IwAR0yPS7LnBz5erjxS2E1253SrT6fBtQ-y554vOpqUTcwIHAR9jqujqSMjeQ,9/1/2019,11:20:00 PM,The hurricane warning stretches from Jupiter Inlet (just north of West Palm Beach) to the Volusia/Brevard county line (just north of Titusville).
36,https://www.washingtonpost.com/weather/2019/09/01/catastrophic-hurricane-dorian-unleashes-devastating-blow-northern-bahamas-takes-aim-southeast-us/?fbclid=IwAR0yPS7LnBz5erjxS2E1253SrT6fBtQ-y554vOpqUTcwIHAR9jqujqSMjeQ,9/1/2019,11:20:00 PM,"In addition to the wind and surge, about to three to six inches of rain is projected along Florida’s east coast."
28,https://www.washingtonpost.com/weather/2019/09/01/catastrophic-hurricane-dorian-unleashes-devastating-blow-northern-bahamas-takes-aim-southeast-us/?fbclid=IwAR0yPS7LnBz5erjxS2E1253SrT6fBtQ-y554vOpqUTcwIHAR9jqujqSMjeQ,9/1/2019,11:20:00 PM,"As of 11 p.m., the storm was 55 miles east of Freeport on Grand Bahama Island and was crawling west at 5 mph. The storm’s peak winds were 180 mph, and Dorian has maintained Category 4 and now Category 5 intensity for an unusually long period."
36,https://www.washingtonpost.com/weather/2019/09/01/catastrophic-hurricane-dorian-unleashes-devastating-blow-northern-bahamas-takes-aim-southeast-us/?fbclid=IwAR0yPS7LnBz5erjxS2E1253SrT6fBtQ-y554vOpqUTcwIHAR9jqujqSMjeQ,9/1/2019,11:20:00 PM,"Because the storm is predicted to be a slow mover, effects from wind, rain and storm surge could be prolonged, lingering through the middle of next week on Florida’s east coast."
28,https://www.washingtonpost.com/weather/2019/09/01/catastrophic-hurricane-dorian-unleashes-devastating-blow-northern-bahamas-takes-aim-southeast-us/?fbclid=IwAR0yPS7LnBz5erjxS2E1253SrT6fBtQ-y554vOpqUTcwIHAR9jqujqSMjeQ,9/1/2019,11:20:00 PM,"The storm’s peak sustained winds rank as the strongest so far north in the Atlantic Ocean east of Florida on record. Its pressure, which bottomed out at 910 millibars, is significantly lower than Hurricane Andrew’s when it made landfall in south Florida in 1992 (the lower the pressure, the stronger the storm)."
38,https://fb.watch/i-9MEwR9Ks/,9/2/2019,8:15:00 AM,A mayor in Florida gives a rallying cry as Hurricane Dorian is expected to creep towards the US state later today. The storm is the strongest anywhere on the planet this year
38,https://arstechnica.com/science/2019/09/hurricane-dorian-is-going-to-come-very-very-close-to-florida/,9/2/2019,9:15:00 AM,"Another significant problem is that high pressure to the north of Dorian has weakened during the last 24 hours, causing the storm's steering currents to collapse."
40,https://arstechnica.com/science/2019/09/hurricane-dorian-is-going-to-come-very-very-close-to-florida/,9/2/2019,9:15:00 AM,"Such a track would be similar to Hurricane Matthew in 2016, with similar or worse damages depending on Dorian's track. Matthew caused an estimated $10 billion in damage to the United States, along with 34 direct fatalities, according to the National Hurricane Center's official report on the storm."
36,https://arstechnica.com/science/2019/09/hurricane-dorian-is-going-to-come-very-very-close-to-florida/,9/2/2019,9:15:00 AM,Dorian's center could approach or briefly make landfall in Georgia or the Carolinas.
35,https://www.facebook.com/reel/2359066991000866,9/2/2019,1:30:00 PM,"All vehicles are fully underwater at the Police Headquarters in Freeport, Grand Bahama"
35,https://fb.watch/i-aM-4fTJw/,9/2/2019,1:47:00 PM,"""That’s my kitchen window that water is hitting, and that has to be a minimum of about 20 feet above the ground."" Bahamas Minister for Agriculture Michael Pintard describes flooding from Hurricane Dorian at his house in Grand Bahama"
32,https://www.nbcnews.com/news/world/catastrophic-hurricane-dorian-pounds-north-bahamas-n1048786,9/2/2019,5:27:00 PM,"He said that at least 21 people have been injured and taken to hospitals and that the images and videos seen by officials are heartbreaking, with many homes and businesses and other buildings completely or partially destroyed."
40,https://www.nbcnews.com/news/world/catastrophic-hurricane-dorian-pounds-north-bahamas-n1048786,9/2/2019,5:27:00 PM,Dorian on Monday was called the strongest hurricane in modern records for the northwestern Bahamas
28,https://www.nbcnews.com/news/world/catastrophic-hurricane-dorian-pounds-north-bahamas-n1048786,9/2/2019,5:27:00 PM,"More than 70 nursing homes and assisted living facilities have evacuated along Florida's east coast. Many of the state's toll roads are suspended, and several ports have closed. In addition, more than 85 shelters are open statewide."
28,https://www.nbcnews.com/news/world/catastrophic-hurricane-dorian-pounds-north-bahamas-n1048786,9/2/2019,5:27:00 PM,"Six counties east of Interstate 95 in Georgia were ordered to evacuate, Gov. Brian Kemp says."
28,https://www.nbcnews.com/news/world/catastrophic-hurricane-dorian-pounds-north-bahamas-n1048786,9/2/2019,5:27:00 PM,"Millions of people along the southeastern coast of the United States are bracing for Dorian's effects over the next few days as meteorologists warn the storm, which was stationary late Monday will eventually veer north off the coast of Florida."
28,https://www.nbcnews.com/news/world/catastrophic-hurricane-dorian-pounds-north-bahamas-n1048786,9/2/2019,5:27:00 PM,"President Donald Trump has approved emergency declarations for Florida, South Carolina and Georgia. "
28,https://www.nbcnews.com/news/world/catastrophic-hurricane-dorian-pounds-north-bahamas-n1048786,9/2/2019,5:27:00 PM,Virginia Gov. The governors of North Carolina and Virginia have also declared states of emergency.
34,https://www.nbcnews.com/news/world/catastrophic-hurricane-dorian-pounds-north-bahamas-n1048786,9/2/2019,5:27:00 PM,"Information began emerging from the affected islands, with Bahamas Power and Light saying there is a total blackout in New Providence, the archipelago's most populous island, according to the AP."
28,https://www.nbcnews.com/news/world/catastrophic-hurricane-dorian-pounds-north-bahamas-n1048786,9/2/2019,5:27:00 PM,"On Sunday, the governors of South Carolina and Georgia ordered at least 1 million people to evacuate their coasts beginning Monday"
28,https://www.nbcnews.com/news/world/catastrophic-hurricane-dorian-pounds-north-bahamas-n1048786,9/2/2019,5:27:00 PM,Authorities in Florida ordered mandatory evacuations in some vulnerable coastal areas. 
40,https://twitter.com/GuRuth/status/1168669567398404096,9/2/2019,7:38:00 PM,"Chella Philips of Nassau, Bahamas brought 97 stray dogs to her home to protect them during Hurricane Dorian. She manages The Voiceless Dogs of Nassau, a group that works to pair local dogs with rescue and adoption organizations in the US #womenswork"
33,https://twitter.com/CNN/status/1168670463742140419,9/2/2019,7:42:00 PM,"Legoland Florida will be closed on Tuesday due to Dorian. ""Our thoughts and prayers are with those impacted by Hurricane Dorian. The safety of our employees and guests is our number one priority,"" the company said. https://cnn.it/2zL5ZkC"
36,https://twitter.com/KevzPolitics/status/1168673163020029953,9/2/2019,7:52:00 PM,#UPDATE: 8PM ADVISORY: DORIAN NOT MOVING: Hurricane Dorian still remains stationary over Grand Bahama - remains 25 miles NE of Freeport; Dorian's winds weakened to 140 MPH but remains a very dangerous CAT 4 system; NHC's next advisory is slated to be released for 11PM EST
36,https://twitter.com/BMacTV/status/1168673002076065792,9/2/2019,7:52:00 PM,"Hurricane Dorian has stalled over the Bahamas. Current track still brings dangerous rain, storm surges, and wind to the Florida, Georgia, and Carolina coastlines as the storm hugs the coast. Most models have the eye of the storm staying over water the next few days. Stay tuned!"
38,https://www.cnn.com/2019/09/03/us/hurricane-dorian-tuesday-wxc/index.html,9/2/2019,11:38:00 PM,"The Category 2 storm, with winds of 110 mph, was lashing central Florida’s east coast Tuesday night, the National Hurricane Center said."
32,https://www.cnn.com/2019/09/03/us/hurricane-dorian-tuesday-wxc/index.html,9/2/2019,11:38:00 PM,"The storm’s death toll, which officials fear will rise sharply, stands at seven people, according to Prime Minister Hubert Minnis."
30,https://www.cnn.com/2019/09/03/us/hurricane-dorian-tuesday-wxc/index.html,9/2/2019,11:38:00 PM,"The Prime Minister told reporters after returning from an aerial tour of Great Abaco that he estimated there was damage to 60% of the homes there. According to a 2010 census, 17,224 people lived on the Abacos and there were about 5,200 occupied houses, apartments and townhomes with an additional 2,916 vacant units."
31,https://www.cnn.com/2019/09/03/us/hurricane-dorian-tuesday-wxc/index.html,9/2/2019,11:38:00 PM,"Fortunately, New Providence Island and the capital of Nassau, which generate much of the Bahamas tourist revenue, had not been touched, the Prime Minister said."
28,https://fb.watch/i-c6EKSd5K/,9/3/2019,10:37:00 AM,"Freeport, Gran Bahama. Dorian moved on top of GB and slowed down to a near crawl. Sustained winds of over 160 MPH but yet the storm is only moving at 1MPH"
34,https://twitter.com/RedCross/status/1168956042564251648?s=20,9/3/2019,2:36:00 PM,"Overnight, over 12.2K people stayed in #RedCross evacuation shelters across Florida, Georgia & South Carolina as #HurricaneDorian nears"
34,https://twitter.com/bartoncollege/status/1169024581526573061?s=20,9/3/2019,7:09:00 PM," Barton College will begin closing in preparation for Hurricane Dorian beginning Wednesday afternoon, Sept. 4"
35,https://twitter.com/ABCWorldNews/status/1169024959223652352?s=20,9/3/2019,7:10:00 PM,"Hurricane Dorian is on the move, growing in size as it tracks north just off the east coast of Florida, already hammering Florida with tropical storm-force winds and kicking up massive waves"
34,https://twitter.com/6abc/status/1169025631939694592?s=20,9/3/2019,7:13:00 PM,Over 100 pets flown into Delaware to escape Hurricane #Dorian
34,https://twitter.com/USACEHQ/status/1169026490295562241?s=20,9/3/2019,7:16:00 PM,"Maj. Gen. Scott Spellmon, USACE Deputy Commanding General for Civil and Emergency Operations, discusses preparedness efforts on Fox and Friends Sept. 3, 2019, as Hurricane #Dorian approaches the Florida coast. #USACE currently has more than 220 personnel deployed and engaged."
35,https://twitter.com/NWSMoreheadCity/status/1169026752171171840?s=20,9/3/2019,7:17:00 PM,Projected rainfall totals associated with #Hurricane #Dorian. 6-10 inches possible across coastal #NC
30,https://twitter.com/Quicktake/status/1169027515358359553?s=20,9/3/2019,7:20:00 PM,"Hurricane Dorian could hurt cotton, peanuts and other crops and livestock in the Carolinas"
30,https://twitter.com/NBCNews/status/1169032324094279680?s=20,9/3/2019,7:40:00 PM,An international airport on the Bahamas' northernmost island was submerged underwater following heavy rain from Hurricane Dorian
30,https://twitter.com/united/status/1169033224057741312?s=20,9/3/2019,7:43:00 PM,"United Airlines Nassau (NAS), Miami (MIA) and Fort Lauderdale-Hollywood (FLL) airports have resumed operations but are still experiencing delays and cancellations."
34,https://twitter.com/SCEMD/status/1169036403117891586?s=20,9/3/2019,7:56:00 PM,ALERT: RESIDENTS IN EVACUATED ZONES MUST LEAVE NOW DUE TO THE INCREASING THREAT FROM HURRICAN
34,https://fb.watch/i-bmn8E8mT/,9/4/2019,2:11:00 PM,Our hospital has received over 100 hatchlings after Hurricane Dorian! If you find distressed or injured hatchlings please transport them in damp sand with no water to our 24-hour hatchling drop off cooler at the entrance
32,https://twitter.com/Seigonie/status/1169386949280448512?s=20,9/4/2019,7:09:00 PM,"Hurricane Dorian's death toll rises to 21 as it charges up the US Southeast coast; claiming the lives of at least 20 in the Bahamas, as well as an elderly man in North Carolina"
36,https://twitter.com/CBSEveningNews/status/1169389765315239936?s=20,9/4/2019,7:20:00 PM,"""Tonight, Dorian is lashing the coastline of Florida and Georgia -- top winds that have increased to 110 miles an hour; its center will approach South Carolina tonight, North Carolina tomorrow night, all with hurricane-force winds."""
34,https://twitter.com/ECUTigerSGA/status/1169392942664081408?s=20,9/4/2019,7:32:00 PM,"These boxes are to be sent to the Bahamas, where many ECU students are from. Please feel free to help out with blankets, toiletries, non perishable foods, and clothing"
36,https://twitter.com/glezak/status/1169392940629860353?s=20,9/4/2019,7:32:00 PM,Florida gets the all clear!  Southe Carolina and North Carolina are paying close attention.  Dorian may weaken a bit tomorrow.  We are tracking Hurricane Dorian
34,https://twitter.com/KitsapSun/status/1169393918775123968?s=20,9/4/2019,7:36:00 PM,"Emergency personnel from Kitsap County are headed to the Bahamas to assist with medicare care, rescues and communications in the wake of Hurricane Dorian"
36,https://twitter.com/ReedTimmerAccu/status/1169394377396875264?s=20,9/4/2019,7:38:00 PM,HURRICANE DORIAN has restrengthened a bit over the warm waters off southeastern GA with max sustained winds up to 110 mph! Forecast track has Dorian very close to the northeast coast of SC Thursday before passing near the NC Outerbanks overnight into Friday AM
28,https://twitter.com/RobStormTeam2/status/1169399526731452416?s=20,9/4/2019,7:59:00 PM,"8pm Wednesday Hurricane Dorian UPDATE. Winds remain 110 mph, and is moving NNW at 8mph.  The storm is now 130 miles south of Charleston"
28,https://twitter.com/ExtremeStorms/status/1169706591391641601,9/5/2019,4:19:00 PM,"""The weather for #Hopetown 9/2/2019 at 12:55pm is sunny skies with intermittent thin low cirrus, winds calm, pressure is 911.2mb #HurricaneDorian"""
34,https://twitter.com/CNN/status/1169754581976473606,9/5/2019,7:29:00 PM,"""US Coast Guard crews have rescued 201 people in the Bahamas since Hurricane Dorian began, according to a news release https://cnn.it/32uHnJd"""
38,https://twitter.com/GeenaArevalo/status/1169755175067762699,9/5/2019,7:32:00 PM,"""SOLD OUT: This gas station in Elizabeth City, NC is out of fuel. The store clerk said they usually sell around 1,500 gallons of fuel a day but as people prepare for Hurricane Dorian, they’ve sold close to 4,000 gallons a day. Zone A is under mandatory evacuation order."""
30,https://twitter.com/CNN/status/1169756707490291714,9/5/2019,7:38:00 PM,"""Storm chaser Brandon Clement says he was one of the first to fly over and see the devastation Hurricane Dorian caused in the Bahamas. “I’ve even seen some homes that… [had] 8- to-10 inch concrete reinforced with steel, just completely destroyed,"" he says."""
34,https://twitter.com/GovWhitmer/status/1169758075626110976?s=20,9/5/2019,7:43:00 PM,"MI Task Force 1 has finished their deployment to Florida, and are now heading to North Carolina to assist with the Hurricane Dorian response"
38,https://twitter.com/JimCantore/status/1169757876463837185?s=20,9/5/2019,7:43:00 PM,"UF& @weatherflow are nearly 2 miles from my Kure Beach, NC location w/an anemometer that is gusting over 65mph.  Center of Dorian about 50 miles to my southeast w/hurricane gusts about 30 miles"
31,https://fb.watch/i-9ty4V2OA/,9/6/2019,4:12:00 PM,People in the Bahamas say they're scouring for basic supplies after Hurricane Dorian
34,https://fb.watch/i-9T1pgDYF/,9/6/2019,6:13:00 PM,PETA's Emergency Rescue team wasted NO time leaping into action after receiving a report of a pelican who was unable to fly and stranded on a bridge in the middle of Hurricane Dorian. Four more wind-battered birds were found and all were brought to safet
34,https://twitter.com/nspowerinc/status/1170112547699220480?s=20,9/6/2019,7:12:00 PM,"Crews are gathering from across Nova Scotia, New Brunswick, Ontario and Quebec as we prepare for Hurricane #Dorian. "
34,https://twitter.com/Bahamaspress/status/1170113544878211073?s=20,9/6/2019,7:16:00 PM,A Canadian Hurricane Dorian Relief Mission Aircraft has arrived at LPIA
30,https://twitter.com/Quicktake/status/1170114826884014080?s=20,9/6/2019,7:21:00 PM,Hurricane Dorian flooded streets in Virginia Beach
30,https://twitter.com/EdPiotrowski/status/1170118578412105730?s=20,9/6/2019,7:36:00 PM,Hurricane #Dorian's storm surge washed over Pawley Island Thursday. The process of removing the sand is underway.  Drone video via Robbie Bischoff
34,https://fb.watch/i-aCMwHHbL/,9/7/2019,3:03:00 PM,"More than a thousand Bahamians evacuated by the Grand Celebration cruise ship arrived in Palm beach, Florida, after it dropped more than 112 tons of supplies in Freeport, Grand Bahama in the wake of Hurricane Dorian's catastrophic damage to the Bahamas"
30,https://fb.watch/i-ajuCD80O/,9/9/2019,9:30:00 AM,"""I have no words to say how bad... maybe 1 in 10 house is standing,"" says one resident working to organize relief aid for victims"
30,https://fb.watch/i-bvIjeKhW/,9/9/2019,11:45:00 AM,"Hurricane Dorian has left nearly 70,000 Bahamians homeless and hundreds more are desperately looking for a way out. Over the weekend, as evacuations continue, dozens of Bahamians were told to get off a ferry headed to the US"