row_id,ICS209,sentence_summary,citation_link,platform,date,time,
1,36,National Hurricane Center has upped their intensity forecast with a CATEGORY 3 Hurricane Dorian making landfall in central east coast of FL on Monday! Rapid intensification expected after passing near St Thomas later today with a bend to the west expected this weekend,https://www.facebook.com/reedtimmer2.0/photos/a.169775739168/10157588406314169/,Facebook,8/28/2019,11:25 AM,https://twitter.com/search?q=(%22hurricane%22%20AND%20%22dorian%22)%20until%3A2019-09-01%20since%3A2019-08-31&src=typed_query&f=top
2,36,Florida residents wait in a long line to stock up on sandbags as Hurricane Dorian could make landfall in the Sunshine State as a Category 4.,https://fb.watch/i-9F1f6FvS/,Facebook,8/29/2019,2:55 PM,
3,28,‪HURRICANE DORIAN strengthening rapidly with minimum pressure down to 977 mb measured by Hurricane hunter aircraft with max sustained winds up to 105 mph! The updated NHC forecast now has a powerful category 4 with 140 mph sustained winds approaching central FL early next week,https://www.facebook.com/reedtimmer2.0/posts/pfbid0jFTS4BUd5uJXFK3cUwZZwV77vYFBGyHxipvM37o6g6gmRvPhMxNnzNFCTdo3SngWl,Facebook,8/29/2019,11:23 PM,
4,36,This is what Hurricane Dorian looks like from space,https://twitter.com/CNN/status/1167224795668385792?s=20,Twitter,8/29/2019,7:57 PM,
5,38,"A new reconnaissance aircraft is now entering Hurricane #Dorian to assess its intensity this evening.",https://twitter.com/TropicalTidbits/status/1167219071080960000?s=20,Twitter,8/29/2019,7:34 PM,
6,36,"HWRF model, 72 hours from now. A formidable Category 4, half the size of Florida.",https://twitter.com/EricHolthaus/status/1167220936095010822?s=20,Twitter,8/29/2019,7:42 PM,
7,38,all female crew aboard the Hurricane Hunter. These women are flying tonight's recon mission into Hurricane Dorian to gather critical data that gets input into computer models,https://twitter.com/Fox4Weather/status/1167216639244460033?s=20,Twitter,8/29/2019,7:25 PM,
8,34,"HURRICANE DORIAN: School, college and university closure updates",https://twitter.com/CarlosGSmith/status/1167217486904877057?s=20,Twitter,8/29/2019,7:28 PM,
9,36,Hurricane Dorian expected to hit Florida as a Category 4,https://twitter.com/TIME/status/1167214106480381959?s=20,Twitter,8/29/2019,7:15 PM,
10,36,"HURRICANE DORIAN: Landfall looks to be somewhere between Melbourne and Miami.  NHC track, Euro & US Models all differ, but they all spell bad news for the whole Florida Peninsula",https://twitter.com/EricBraate/status/1167220921465262080?s=20,Twitter,8/29/2019,7:42 PM,
11,36,Blue line represents the latest Calibrated ECMWF EPS track cone for Hurricane #Dorian.,https://twitter.com/MJVentrice/status/1167211428681519106?s=20,Twitter,8/29/2019,7:04 PM,
12,35,"We're not sure where #Dorian will make landfall, but we do know that this hurricane is going to be dangerous",https://twitter.com/weatherchannel/status/1167211074581598209?s=20,Twitter,8/29/2019,7:03 PM,
13,34,"As Hurricane Dorian disrupts travel plans, American Airlines waives fees to reschedule Florida flights",https://twitter.com/WPLGLocal10/status/1167219603757510658?s=20,Twitter,8/29/2019,7:36 PM,
14,36,Florida residents wait in a long line to stock up on sandbags as Hurricane Dorian could make landfall in the Sunshine State as a Category 4.,https://twitter.com/ABC/status/1167205803092299776?s=20,Twitter,8/29/2019,6:42 PM,
15,36,HurricaneAware app is intended to provide information about the potential impacts of storms in the US,https://twitter.com/Esri/status/1167210860671987712?s=20,Twitter,8/29/2019,7:02 PM,
16,36,Hurricane Dorian is now predicted to be Cat. 4 hurricane,https://twitter.com/bettina_bosch/status/1167221594785222656?s=20,Twitter,8/29/2019,7:44 PM,
17,36,category 5 hurricane in 24 hours?,https://twitter.com/webberweather/status/1167219603258392576?s=20,Twitter,8/29/2019,7:36 PM,
18,34,Florida Public Safety Departments with drones; connect with DJI (me) if you need unlocks ahead of Hurricane Dorian. We fully unlock public safety aircrafts,https://twitter.com/romeoch/status/1167214538732666880?s=20,Twitter,8/29/2019,7:16 PM,
19,34,Palm Beach State College will be closed at 12 p.m. tomorrow in preparation for Hurricane Dorian. We encourage everyone to take a look at our Hurricane Preparedness Guide,https://twitter.com/PBStateCollege/status/1167215746989973504?s=20,Twitter,8/29/2019,7:21 PM,
20,34,Miami mayor joined City Manager as well as Commissioners and Willy Gort at our Emergency Operations Center to discuss how we are preparing for Hurricane #Dorian.,https://twitter.com/MiamiMayor/status/1167214437557768193?s=20,Twitter,8/29/2019,7:16 PM,
21,36,"CATEGORY 4 AT LANDFALL? The latest track shows Hurricane Dorian gaining strength as it moves toward the East Coast, possibly making landfall in Florida as a life-threatening Category 4 storm",https://twitter.com/ABCWorldNews/status/1167216463788294147?s=20,Twitter,8/29/2019,7:24 PM,
22,34,"RedCross is mobilizing hundreds of trained volunteers, and more than 30 tractor-trailer loads full of relief supplies to help people in the path of Hurricane Dorian. Locally, the AZ, NM & El Paso Region has sent 14 volunteers to FL",https://twitter.com/RedCrossAZ/status/1167221165279997952?s=20,Twitter,8/29/2019,7:43 PM,
23,36,The National Hurricane Center said Dorian figures to become a Category 3 hurricane – with sustained winds of at least 111 mph – by Friday,https://twitter.com/USATODAY/status/1167207298491715584?s=20,Twitter,8/29/2019,6:48 PM,
24,36,Currently a Cat. 1 system but forecast to grow much stronger!,https://twitter.com/7Weather/status/1167207955571388418?s=20,Twitter,8/29/2019,6:50 PM,
25,28,"Hurricane Dorian, which is forecast to become a highly dangerous Category 4 storm during the weekend, has hit US Virgin Islands",https://fb.watch/i-a0qbJIIL/,Facebook,8/30/2019,12:29 AM,
26,34,"To assist families as they prepare for Hurricane Dorian, DCF has been approved by the USDA to release September food assistance benefits to all 67 counties.",https://twitter.com/MyFLFamilies/status/1167583071471845376?s=20,Twitter,8/30/2019,7:41 PM,
27,28,"8 PM UPDATE: Hurricane Dorian now has max winds of 125 MPH, so still category 3.  NHC says additional strengthening expected. ",https://twitter.com/OfficialJoelF/status/1167586149264691206?s=20,Twitter,8/30/2019,7:53 PM,
28,36,Hurricane Dorian on the move ... slowly,https://twitter.com/OfficialJoelF/status/1167576973129990149?s=20,Twitter,8/30/2019,7:16 PM,
29,28,"Hurricane #Dorian is now a strong category 3 hurricane with winds of 125 mph. The Hurricane Hunters are flying through Dorian, and have also found a much lower pressure (950 mb) compared to this afternoon (970 mb). Lower pressure will cause winds to increase",https://twitter.com/weatherchannel/status/1167587045151301632?s=20,Twitter,8/30/2019,7:56 PM,
30,28,"Hurricane Dorian strengthening faster than forecast, now at the verge of becoming a Category 4 storm",https://twitter.com/BNONews/status/1167586794206060545?s=20,Twitter,8/30/2019,7:55 PM,
31,28,Hurricane hunters measured 946 millibars in the eye of Dorian moments ago. The latest advisory showed 970 mb. This is a huge drop and shows a rapid intensification,https://twitter.com/WeatherNation/status/1167580817108848640?s=20,Twitter,8/30/2019,7:32 PM,
32,28,8 PM Advisory issued.  Hurricane Dorian strengthened again.   Winds up to 125 mph,https://twitter.com/7Weather/status/1167584815866097667?s=20,Twitter,8/30/2019,7:48 PM,
33,38,Hurricane #Dorian Advisory 26A: Noaa Hurricane Hunter Aircraft Finds Dorian Stronger,https://twitter.com/NHC_Atlantic/status/1167585108192370688?s=20,Twitter,8/30/2019,7:49 PM,
34,34,"Hurricane Dorian, Alachua County Public Schools will be closed on Tues, Sep 3",https://twitter.com/AlachuaSchools/status/1167575293240008705?s=20,Twitter,8/30/2019,7:10 PM,
35,36,"I'm amazed by the spike in temperature (lower left plot, circled in blue) as the NOAA Hurricane Hunter aircraft penetrated #Dorian's eye. Warmer air indicates strong subsidence (sinking air) in the eye, a characteristic of intense hurricanes",https://twitter.com/DrKimWood/status/1167581184131514373?s=20,Twitter,8/30/2019,7:33 PM,
36,36,Central pressure (from 970mb down to 946mb). This already could be a CAT 4 storm,https://twitter.com/Fox4Weather/status/1167579234178654209?s=20,Twitter,8/30/2019,7:25 PM,
37,36,"#Dorian is quickly becoming the extremely powerful #hurricane that we feared, and it is headed for the NW Bahamas next",https://twitter.com/EricBlake12/status/1167579300197011462?s=20,Twitter,8/30/2019,7:26 PM,
38,36,"CNN Video Clip ""You have to assume the worst. Hope for the best but assume the worst.""",https://twitter.com/CNN/status/1167582252169125888?s=20,Twitter,8/30/2019,7:37 PM,
39,36,#Hurricane #Dorian going into hyper drive... down to estimated 946mb pending a sonde.  This bad boy dropped from 1000mb to est. ~946 mb in a 30 mile stretch.  Wild ride ahead...I expect a run at Cat 5,https://twitter.com/AlaStormTracker/status/1167577256685985793?s=20,Twitter,8/30/2019,7:18 PM,
40,38, Shelves are empty. Gas stations are running out of gas too,https://twitter.com/AWritersLifeTBC/status/1167580930661343232?s=20,Twitter,8/30/2019,7:32 PM,
41,36,"""Monster"" Hurricane Dorian Hits Category 3 and Is Projected to Hit Cat 4",https://twitter.com/dahboo7/status/1167584257751076864?s=20,Twitter,8/30/2019,7:45 PM,
42,38,pressure reading of ~950 mb just now from NOAA Hurricane Hunters (5 PM estimate was 970 mb). Substantial pressure falls at the center of Hurricane #Dorian tonight. Significant strengthening is underway in an already dangerous storm,https://twitter.com/MichaelRLowry/status/1167579629307289606?s=20,Twitter,8/30/2019,7:27 PM,
43,36,"It will be a real threat to parts of the Bahamas this weekend, then threaten Florida",https://twitter.com/georgekourounis/status/1167582790101192704?s=20,Twitter,8/30/2019,7:40 PM,
44,36,This evening's update on Hurricane #Dorian as it continues its march across the western Caribbean,https://twitter.com/PSUWeather/status/1167579202893340677?s=20,Twitter,8/30/2019,7:25 PM,
45,38,"Aircraft Recon has found pressure reading of ~946 mb in the eye of Hurricane #Dorian. For reference, the 5 pm advisory from the NHC has it at 970 mb. Big drop in pressure",https://twitter.com/Wx_Geek/status/1167576743919702017?s=20,Twitter,8/30/2019,7:16 PM,
46,38,Hurricane Dorian at 5 p.m. Winds: 115 mph Pressure: 970 mb // Hurricane Dorian at 8 p.m. Winds: 125 mph Pressure: 950 mb,https://twitter.com/AndySlater/status/1167584153262538752?s=20,Twitter,8/30/2019,7:45 PM,
47,36,"‘MONSTER’ HURRICANE: Hurricane Dorian has grown into an extremely dangerous Category 3 storm, taking a menacing turn toward Florida and expected to grow even stronger before taking aim at Florida",https://twitter.com/ABCWorldNews/status/1167581699275919360?s=20,Twitter,8/30/2019,7:35 PM,
48,36,Hurricane #Dorian looks on its way to becoming Category 4 very soon. Latest advisory: 125 max sustained winds but Hurricane Hunters have found stronger. Incredible 20 millibar drop in the low pressure center of the storm. Rapid intensification underway,https://twitter.com/MorganKIRO7/status/1167585614482628609?s=20,Twitter,8/30/2019,7:51 PM,
49,38,Hurricane #Dorian has intensified over the past several hours.  It now has winds of 125 mph,https://twitter.com/EdPiotrowski/status/1167585615820595203?s=20,Twitter,8/30/2019,7:51 PM,
50,38,Hurricane Dorian prompts SunRail to suspend all service next week,https://twitter.com/orlandosentinel/status/1167579171821776896?s=20,Twitter,8/30/2019,7:25 PM,
51,38,"Friday evening, Dorian was gaining strength over the Atlantic Ocean, a Category 3 storm with winds of 115 mph",https://twitter.com/nytimes/status/1167584051399725056?s=20,Twitter,8/30/2019,7:45 PM,
52,28,"8 pm Update: Hurricane Dorian is a high-end Cat. 3 storm with winds of 125 mph, could become a Cat. 4 overnight",https://twitter.com/capitalweather/status/1167586858982924288?s=20,Twitter,8/30/2019,7:56 PM,
53,38,"""Here is today's incredible full day 1-min GOES-16 animation of #Hurricane #Dorian. Its structure has remained remarkably consistent today with no signs of an eyewall replacement cycle imminent.""",https://twitter.com/pppapin/status/1167943143628529664,Twitter,8/31/2019,7:31 PM,
54,36,"""Impressive radar image of Hurricane #Dorian from the NOAA Hurricane Hunters from the eye.  The NOAA and Air Force Reserve aircraft are both in #Dorian collecting critical data.  The hurricane remains at category four strength. Latest here: https://nhc.noaa.gov/text/refresh/MIATCPAT5+shtml/312051.shtml?""",https://twitter.com/NHC_Atlantic/status/1167947356517453825,Twitter,8/31/2019,7:48 PM,
55,36,"""Here's a look at Hurricane Dorian via 1-min GOES-16 infrared satellite imagery. Pretty amazing detail, wouldn't you say?  The storm remains a dangerous category 4 storm with maximum sustained winds of 150 mph.""",https://twitter.com/NWSKansasCity/status/1167933427795906560,Twitter,8/31/2019,6:53 PM,
56,36,"""Models have been shifting west this afternoon and now several either make landfall or come close to making a Florida landfall. This model (HWRF) jumped around 150 miles from its previous run to show major hurricane #Dorian making landfall on Tuesday evening near Cape Canaveral.""",https://twitter.com/andrewwulfeck/status/1167945340512690177,Twitter,8/31/2019,7:40 PM,
57,34,State of Ohio- Butler County Incident Management Team heading to Florida for Hurricane Dorian,https://www.facebook.com/jeff.galloway.94/posts/pfbid02mMLKo8rwiMZNe9PrktYdmALH3wxxKo6Lu9jR2ZGN3XBaZJRzhpwbrqt9skAQP4nMl,Facebook,8/31/2019,8:18 AM,
58,28,"11 AM UPDATE: Hurricane Dorian models have consistently shifted east over the past 24 hours. While changes still do remain possible in final track, this is a positive enough trend for the NHC to remove SW Florida from the cone",https://www.facebook.com/MattDevittWeather/photos/a.331079453642527/2444505248966593/,Facebook,8/31/2019,10:58 AM,
59,36,"The National Hurricane Center warned of a ""notable change"" to Hurricane Dorian's possible path into Tuesday, stressing that it could make landfall in Florida, Georgia or the Carolinas. Most of Florida remains in the so-called ""cone of uncertainty.""",https://fb.watch/i-bhbxLbFR/,Facebook,8/31/2019,4:14 PM,
60,36,Radar image of Hurricane #Dorian from the NOAA Hurricane Hunters from the eye.  The NOAA and Air Force Reserve aircraft are both in #Dorian collecting critical data.  The hurricane remains at category four strength,https://twitter.com/NHC_Atlantic/status/1167947356517453825?s=20,Twitter,8/31/2019,7:48 PM,
61,36,"The waves were getting larger on Elbow Cay in the northern Bahamas on Saturday.  If Hurricane Dorian stays on its present course, Elbow Cay could be directly impacted by the storm on Sunday and Monday.  Waves could reach heights of 20 feet!",https://twitter.com/WeatherNation/status/1167935093794471943?s=20,Twitter,8/31/2019,7:00 PM,
62,38,"Saturday evening video update on Hurricane #Dorian, an extreme threat to the Bahamas and *still* a threat to the southeast US",https://twitter.com/TropicalTidbits/status/1167948364530323458?s=20,Twitter,8/31/2019,7:52 PM,
63,38," #Dorian made a NW to SE quadrant pass thru the storm & found flight level winds near 145 KT w/ potentially as strong, uncontaminated sfc winds. If these measurements hold up, then Hurricane #Dorian has become a category 5 hurricane.",https://twitter.com/webberweather/status/1167945280001462272?s=20,Twitter,8/31/2019,7:40 PM,
64,36,model (HWRF) jumped around 150 miles from its previous run to show major hurricane #Dorian making landfall on Tuesday evening near Cape Canaveral.,https://twitter.com/andrewwulfeck/status/1167945340512690177?s=20,Twitter,8/31/2019,7:40 PM,
65,28,dangerous category 4 storm with maximum sustained winds of 150 mph,https://twitter.com/NWSKansasCity/status/1167933427795906560?s=20,Twitter,8/31/2019,6:53 PM,
66,36,Hurricane Dorian Update: Florida Still in Cone of Uncertainty as the Hurricane Tracks East of the Sunshine State,https://twitter.com/WDWNT/status/1167937121555927040?s=20,Twitter,8/31/2019,7:08 PM,
67,36,A look into the eye of Hurricane #Dorian today,https://twitter.com/TravisABC13/status/1167934607741767680?s=20,Twitter,8/31/2019,6:58 PM,
68,38,"Hurricane Dorian shifts path toward Georgia, Carolinas",https://twitter.com/thehill/status/1167947439656988672?s=20,Twitter,8/31/2019,7:49 PM,
69,28,"640 PM EDT Sat. Aug 31, 2019 GOES-16 imagery of Hurricane Dorian moving towards the Bahamas. Strong rips & large waves are expected along the area beaches. More impacts are possible for northeast SC & southeast NC by mid-week",https://twitter.com/NWSWilmingtonNC/status/1167932736062906377?s=20,Twitter,8/31/2019,6:50 PM,
70,36,updated county by county forecasts for hurricane #Dorian,https://twitter.com/TMainolfiWESH/status/1167937776056033281?s=20,Twitter,8/31/2019,7:10 PM,
71,28,From weak hurricane to powerful Category 4 hurricane... The last 48 hours of Hurricane #Dorian are amazing,https://twitter.com/NStewCBS2/status/1167949152631709698?s=20,Twitter,8/31/2019,7:55 PM,
72,38,8 PM Advisory for Hurricane #Dorian is out. No major changes as it bears down on the Bahamas,https://twitter.com/WPLGLocal10/status/1167947559916072961?s=20,Twitter,8/31/2019,7:49 PM,
73,35,"Depending on the exact track of Hurricane Dorian, we have the potential to see direct impacts with regards to heavy rain, wind, and storm surge. However, immediate concerns are the increase risk for Rip Currents at the beaches beginning tomorrow",https://twitter.com/NWSWakefieldVA/status/1167927116412772352?s=20,Twitter,8/31/2019,6:28 PM,
74,36,The NOAA and Air Force Reserve aircraft are both in #Dorian collecting critical data.  The hurricane remains at category four strength,https://twitter.com/live_hurricane/status/1167949007986937862?s=20,Twitter,8/31/2019,7:55 PM,
75,35,Florida urged to plan for 7 days without power as Hurricane Dorian approaches,https://twitter.com/Thomas1774Paine/status/1167942660910284805?s=20,Twitter,8/31/2019,7:30 PM,
76,28,"Hurricane #Dorian remains a powerful Cat. 4 storm as it moves toward the Bahamas, where Hurricane Warnings are in effect. A Tropical Storm Watch has been issued for Deerfield Beach to Sebastian Inlet in Florida.",https://twitter.com/KatieWallsTV/status/1167942752568430594?s=20,Twitter,8/31/2019,7:30 PM,
77,28,"Hurricane Dorian slowed its forward progress Saturday, but increased its sustained wind speed, nearing Category 5 force",https://twitter.com/breakingweather/status/1167940491293286400?s=20,Twitter,8/31/2019,7:21 PM,
78,28,"Hurricane Dorian remains a powerful Category 4 storm, tropical storm watch continues from Deerfield Beach to Sebastian Inlet",https://twitter.com/WPTV/status/1167947901844086785?s=20,Twitter,8/31/2019,7:50 PM,
79,28,Hurricane Dorian: South Carolina declares state of emergency as storm shifts course,https://twitter.com/oliversalasl/status/1167938533505433605?s=20,Twitter,8/31/2019,7:13 PM,
80,36,Storm surges from Hurricane Dorian are expected to exceed 15 feet in the Bahamas,https://twitter.com/nytimesworld/status/1167943164444889088?s=20,Twitter,8/31/2019,7:32 PM,
81,36,"two Hurricane Hunter planes investigating #Dorian this evening. The second has found a similar central pressure (942.5mb) but significantly higher winds within the NW eyewall (>140kts). If the NHC deems these values reliable, Dorian would be a Category 5 storm",https://twitter.com/JackSillin/status/1167944214409175040?s=20,Twitter,8/31/2019,7:36 PM,
82,28,"8 PM update on Dorian, which remains a high-end Category 4 hurricane with winds of 150 mph, though the central pressure has fallen a bit more",https://twitter.com/NWSAtlanta/status/1167950108224131072?s=20,Twitter,8/31/2019,7:59 PM,
83,38,"Hurricane Dorian, now a powerful Category 4 with 145 mph winds, picked up strength early Saturday and also changed direction -- with the current track forecast to possibly make landfall in the Carolinas late Wednesday",https://twitter.com/GMA/status/1167942644263092227?s=20,Twitter,8/31/2019,7:30 PM,
84,28,"""8 PM UPDATE: Hurricane Dorian maintains same max wind speed of 185 MPH. Still moving west at 5 MPH.  NHC forecasts move west to west-northwest will occur over next 1-2 days. After that, a turn northwest is expected. Here’s a satellite loop of Dorian""",https://twitter.com/OfficialJoelF/status/1168312149527138306,Twitter,9/1/2019,7:58 PM,
85,30,"""I've  been working on a show out in the Bahamas, and they are being just ravaged by Hurricane Dorian. I don't think there is a lot of coverage in the local media of the damage that is happening here, because we will mainly here about Florida.""",https://twitter.com/AndreaCudaCine/status/11683052156673556499,Twitter,9/1/2019,7:30 PM,
86,35,"#NOAA42 ""Kermit"" flies through Category 5 Hurricane #Dorian during the 09/01/19 morning mission (credit: Ian Sears, NOAA)",https://fb.watch/i-9nTMshGb/,Facebook,9/1/2019,10:22 PM,
87,28,STORM WATCH: We're tracking Hurricane Dorian while it slowly crosses over the Bahamas as an extremely destructive and dangerous Category 5 storm,https://fb.watch/i-9B0pGkcC/,Facebook,9/1/2019,6:13 PM,
88,30,In the eye!! #hurricanedorian,https://fb.watch/i-9GZwbUdk/,Facebook,9/1/2019,2:09 PM,
89,28,"Hurricane Dorian has reached Category 5 strength today, and has has now reached a stronger point than Hurricane Andrew. Dorian as it made landfall in the Bahamas is tied for the strongest Atlantic hurricane landfall in recorded history (1935 Labor Day hurricane). Sustained winds: 185 mph Estimated gusts: 220 mph Minimum pressure: 911 mb",https://fb.watch/i-9ZQb_PeF/,Facebook,9/1/2019,3:00 PM,
90,35,Praying for Abaco as they go through the second part of the hurricane,https://fb.watch/i-agr7LjpY/,Facebook,9/1/2019,2:47 PM,
91,38,"views September 1 of Hurricane Dorian from 260 miles in altitude at 12:16 p.m. Eastern time as it churned over the Atlantic Ocean over the northern Bahamas. The storm, which is moving in a westerly direction with sustained winds of 180 miles an hour, is a dangerous Category 5 hurricane, carrying the strongest winds in recorded history for the northwestern Bahamas. The National Hurricane Center said in its 11 a.m. EDT advisory that Dorian is inflicting catastrophic damage to the Abacos and Grand Bahama Islands. Dorian is forecast to approach the east coast of Florida before taking a possible track up the southeastern U.S. seaboard later this week.",https://fb.watch/i-anKL3xrM/,Facebook,9/1/2019,1:22 PM,
92,34,READY TO HELP: Hundreds of utility trucks from 34 states are now in Florida to help restore power in preparation for Hurricane Dorian,https://fb.watch/i-asvP-AGg/,Facebook,9/1/2019,6:16 PM,
93,28,Video of the damage in the Bahamas is starting to flow in after Hurricane Dorian made landfall this afternoon as a Category 5 storm with maximum sustained winds of 185 miles per hour and wind gusts of 220 miles per hour,https://fb.watch/i-atVSoRPI/,Facebook,9/1/2019,3:10 PM,
94,28,"Hurricane Dorian has finally strengthened to a Cat. 5 Hurricane as it approaches the Abaco Islands. This will be devastating for parts of the Bahamas w/ life-threatening storm surge, destructive winds & likely flash flooding",https://fb.watch/i-aSMj2wXG/,Facebook,9/1/2019,8:19 AM,
95,34,"Thanks to shelters and volunteers working together all across the east coast, hundreds of animals are being transported out of harm's way — just like these animals leaving Charleston Animal Society to rescues further north or inland",https://www.facebook.com/bestfriendsanimalsociety/posts/pfbid0LiKZGT47RuX9dR3ZFSMgE46yc6RihKEee3o9dxrBrS7dYbGkm6NLFiHC5e6ZokAal,Facebook,9/1/2019,8:23 PM,
96,30,Marsh Harbour is destroyed from Hurricane Dorian. They have another round to go because this was filmed during the eye of the storm,https://fb.watch/i-bbMnWe3V/,Facebook,9/1/2019,4:13 PM,
97,36,DENIS PHILLIPS LIVE | Chief Meteorologist Denis Phillips is tracking Hurricane Dorian and answering your questions,https://fb.watch/i-bYGai3yc/,Facebook,9/1/2019,6:55 PM,
98,30,"Home in Grand Bahama is flooded up to 10ft, they all had to run upstairs where they are now trapped",https://fb.watch/i-9wRevjeg/,Facebook,9/2/2019,NA,
99,38,A mayor in Florida gives a rallying cry as Hurricane Dorian is expected to creep towards the US state later today. The storm is the strongest anywhere on the planet this year,https://fb.watch/i-9MEwR9Ks/,Facebook,9/2/2019,8:15 AM,
100,36,"East Coast Marines and families, monitor your installation's official social media and website for Hurricane Dorian updates",https://fb.watch/i-99sfIzKr/,Facebook,9/2/2019,10:46 PM,
101,30,"A Freeport man wades through knee-deep water that flooded his home as Hurricane Dorian batters the Bahamas, bringing life-threatening storm surge and flash flooding to the islands",https://fb.watch/i-9QiQ3Uvv/,Facebook,9/2/2019,10:40 AM,
102,36,The Air Force Reserve Hurricane Hunters shared video of their efforts to track Hurricane Dorian. The Category 4 storm continued to batter the Bahamas early Monday while coastal residents from Florida to the Carolinas are keeping an eye on the storm's path that may bring it perilously close to the Southeast seaboard over the next few days,https://fb.watch/i-apF7mCdy/,Facebook,9/2/2019,1:55 PM,
103,35,"""That’s my kitchen window that water is hitting, and that has to be a minimum of about 20 feet above the ground."" Bahamas Minister for Agriculture Michael Pintard describes flooding from Hurricane Dorian at his house in Grand Bahama",https://fb.watch/i-aM-4fTJw/,Facebook,9/2/2019,1:47 PM,
104,35,he coast is in trouble! High tide is still an hour out and we should start feeling effects of tropical storm by this evening!,https://www.facebook.com/reel/10219117369182138,Facebook,9/2/2019,10:04 AM,
105,34,"READY TO HELP: Hundreds of utility trucks are lined up at staging areas across the state, including Clearwater, as they prepare to restore power after Hurricane Dorian. Crews from 34 states are now in Florida",https://fb.watch/i-aR2aMjyE/,Facebook,9/2/2019,8:13 AM,
106,35,"All vehicles are fully underwater at the Police Headquarters in Freeport, Grand Bahama",https://www.facebook.com/reel/2359066991000866,Facebook,9/2/2019,1:30 PM,
107,35,People in the their attic in Grand Bahama and the waves coming through,https://www.facebook.com/reel/411507326160535,Facebook,9/2/2019,1:43 PM,
108,36,Category 5 Hurricane Dorian Advice video,https://www.facebook.com/soccerjamie/videos/10213819914444413,Facebook,9/2/2019,3:32 PM,
109,30,This is what Grand Bahama International Airport looked like before and during Hurricane Dorian,https://fb.watch/i-9JOKNQRH/,Facebook,9/3/2019,10:15 AM,
110,32,My poor little wife got hypothermia… I kept with her and she just drowned on me,https://fb.watch/i-a83tJ-Rj/,Facebook,9/3/2019,9:33 PM,
111,36,Hurricane Dorian is slowly moving towards the East Coast after devastating the Bahamas.  It's one of the most powerful storms to have formed in the Atlantic,https://fb.watch/i-a96TryAM/,Facebook,9/3/2019,7:30 PM,
112,30,“Hurricane Dorian has basically destroyed the Island of Abaco and Grand Bahama,https://www.facebook.com/ShellyAnnFraserPryce/posts/pfbid02MidxDTBbkKq8WNPMQn9ycdvJJzYuqpaSD3yQQDTmy1yJDXEqWMeH9GsfRBVhyUSZl,Facebook,9/3/2019,9:18 AM,
113,30,WATCH: Disturbing aerial footage shows destruction in the Bahamas after Hurricane Dorian pummeled the island nation,https://fb.watch/i-bk0DZwPb/,Facebook,9/3/2019,6:10 PM,
114,30,"This video captures the devastation in the Bahamas as Hurricane Dorian continues to pound the country. “There’s damages everywhere around my area,” one eyewitness said. “Cars and houses destroyed. This is what’s left of Marsh Harbour",https://fb.watch/i-bB9aTwNW/,Facebook,9/3/2019,10:59 AM,
115,30,Bahamas resident Kellie Mackey describes the destruction on the ground as Hurricane Dorian stalls over the islands,https://fb.watch/i-bPnVdo4t/,Facebook,9/3/2019,12:01 AM,
116,28,"Freeport, Gran Bahama. Dorian moved on top of GB and slowed down to a near crawl. Sustained winds of over 160 MPH but yet the storm is only moving at 1MPH",https://fb.watch/i-c6EKSd5K/,Facebook,9/3/2019,10:37 AM,
117,36,"Hurricane Dorian as “parking over” the Bahamas for more than a day, pounding away at its islands while devastating thousands of homes, trapping residents in attics, crippling hospitals, and more",https://fb.watch/i-cdo0kHm7/,Facebook,9/3/2019,9:04 PM,
118,30,"Heartbreaking footage shows the destruction Hurricane #Dorian left on Abaco Island, where it made landfall in the Bahamas",https://twitter.com/pattrn/status/1169021862782877696?s=20,Twitter,9/3/2019,6:58 PM,
119,30,Heartbreaking aerial video shows the destruction and devastation Hurricane Dorian left behind in the Abaco Islands in the Bahamas,https://twitter.com/wsvn/status/1169025436698984449?s=20,Twitter,9/3/2019,7:12 PM,
120,35,Here was the strongest squall I captured (safely) in Fort Pierce. Max gusts between 50 - 60 mph,https://twitter.com/MattDevittWINK/status/1169030709937344512?s=20,Twitter,9/3/2019,7:33 PM,
121,34,ALERT: RESIDENTS IN EVACUATED ZONES MUST LEAVE NOW DUE TO THE INCREASING THREAT FROM HURRICAN,https://twitter.com/SCEMD/status/1169036403117891586?s=20,Twitter,9/3/2019,7:56 PM,
122,28,185 mph hurricane #Dorian vs the 110 mph huge size hurricane #Dorian. The storm changed a lot in the last 36-48 hours and grew noticeably in size,https://twitter.com/ChrisRoderick/status/1169033459400097792?s=20,Twitter,9/3/2019,7:44 PM,
123,36,"Hurricane #Dorian, as it sets move up the Carolina coast Thursday and Friday. Hurricane watches and Storm Surge Watches continue for most of Eastern NC",https://twitter.com/NWSMoreheadCity/status/1169023946907406338?s=20,Twitter,9/3/2019,7:06 PM,
124,35,Projected rainfall totals associated with #Hurricane #Dorian. 6-10 inches possible across coastal #NC,https://twitter.com/NWSMoreheadCity/status/1169026752171171840?s=20,Twitter,9/3/2019,7:17 PM,
125,30,WATCH: Aerial footage shows scale of devastation of Abaco in Bahamas after Hurricane Dorian,https://twitter.com/NBCNews/status/1169027290715394048?s=20,Twitter,9/3/2019,7:20 PM,
126,30,"Hurricane Dorian could hurt cotton, peanuts and other crops and livestock in the Carolinas",https://twitter.com/Quicktake/status/1169027515358359553?s=20,Twitter,9/3/2019,7:20 PM,
127,35,"Persistent driving rain, squalls have arrived along the immediate FL coastline this evening from Jupiter Inlet area to near Daytona Beach! Hurricane Dorian has finally arrived with indirect but substantial impacts",https://twitter.com/ReedTimmerAccu/status/1169028409684574208?s=20,Twitter,9/3/2019,7:24 PM,
128,34,Jamaica stands ready to support The Bahamas in the wake of Hurricane Dorian,https://twitter.com/mfaftja/status/1169030422665342977?s=20,Twitter,9/3/2019,7:32 PM,
129,34,"Maj. Gen. Scott Spellmon, USACE Deputy Commanding General for Civil and Emergency Operations, discusses preparedness efforts on Fox and Friends Sept. 3, 2019, as Hurricane #Dorian approaches the Florida coast. #USACE currently has more than 220 personnel deployed and engaged.",https://twitter.com/USACEHQ/status/1169026490295562241?s=20,Twitter,9/3/2019,7:16 PM,
130,35,"Conditions are deteriorating along the #Florida #SpaceCoast today as #Hurricane #Dorian's outerbands begin to bring heavy squalls onto shore while it advances to the north along the state. Video is from #CocoaBeach, FL",https://twitter.com/SvrWxChaser/status/1169033849562681345?s=20,Twitter,9/3/2019,7:46 PM,
131,30,An international airport on the Bahamas' northernmost island was submerged underwater following heavy rain from Hurricane Dorian,https://twitter.com/NBCNews/status/1169032324094279680?s=20,Twitter,9/3/2019,7:40 PM,
132,28,Hurricane Dorian slowed down to 1 mph,https://twitter.com/mashable/status/1169026142315196418?s=20,Twitter,9/3/2019,7:15 PM,
133,36,"otential local impacts, mostly in Fri to early Sat Morning timeframe. One local impact with increased confidence is rough surf and dangerous rip currents Wed into Sat",https://twitter.com/NWSNewYorkNY/status/1169034673630130178?s=20,Twitter,9/3/2019,7:49 PM,
134,34," Barton College will begin closing in preparation for Hurricane Dorian beginning Wednesday afternoon, Sept. 4",https://twitter.com/bartoncollege/status/1169024581526573061?s=20,Twitter,9/3/2019,7:09 PM,
135,34,FEMA_Pete visits our (FEMA Region 4) Regional Response Coordination Center during shift change as we continue 24 hour monitoring of Hurricane #Dorian.,https://twitter.com/femaregion4/status/1169024121365245952?s=20,Twitter,9/3/2019,7:07 PM,
136,34,Over 100 pets flown into Delaware to escape Hurricane #Dorian,https://twitter.com/6abc/status/1169025631939694592?s=20,Twitter,9/3/2019,7:13 PM,
137,35,"Rain bands from Hurricane Dorian are hitting Central Florida now, but the hurricane winds are offshore",https://twitter.com/BradNitzWSB/status/1169025326632046592?s=20,Twitter,9/3/2019,7:12 PM,
138,35,"Hurricane Dorian is on the move, growing in size as it tracks north just off the east coast of Florida, already hammering Florida with tropical storm-force winds and kicking up massive waves",https://twitter.com/ABCWorldNews/status/1169024959223652352?s=20,Twitter,9/3/2019,7:10 PM,
139,30,"Images from Hurricane Dorian, which battered the Bahamas on Monday, are slowly emerging, and they show scenes of widespread ruin",https://twitter.com/nytimesworld/status/1169030322979315716?s=20,Twitter,9/3/2019,7:32 PM,
140,34,"Overnight, over 12.2K people stayed in #RedCross evacuation shelters across Florida, Georgia & South Carolina as #HurricaneDorian nears",https://twitter.com/RedCross/status/1168956042564251648?s=20,Twitter,9/3/2019,2:36 PM,
141,30,"United Airlines Nassau (NAS), Miami (MIA) and Fort Lauderdale-Hollywood (FLL) airports have resumed operations but are still experiencing delays and cancellations.",https://twitter.com/united/status/1169033224057741312?s=20,Twitter,9/3/2019,7:43 PM,
142,35,"Hurricane Dorian crawls toward the southeast coast of the United States, strong winds and heavy rain begin to pick up at Jensen Beach in Florida, Tuesday, September 3. (AFP)",https://twitter.com/VOANews/status/1169030244239589376,Twitter,9/3/2019,7:31 PM,
143,32,Coast Guard Rescues at Least 19 in the Bahamas as Hurricane Dorian Kills 5,https://twitter.com/Militarydotcom/status/1169030168993812480?s=20,Twitter,9/3/2019,7:31 PM,
144,36,Hurricane Dorian is approaching North Carolina,https://fb.watch/i-9dfmh3AE/,Facebook,9/4/2019,12:33 PM,
145,30,"Hurricane Dorian devastated the Bahamas, leaving at least 7 people dead and roughly 13,000 homes destroyed — this footage shows an aerial view of the destruction",https://fb.watch/i-9jlqcneF/,Facebook,9/4/2019,3:00 PM,
146,36,"Hurricane Dorian may bring dangerous storm surge along portions of the Florida, Georgia, South Carolina and North Carolina coastline.",https://fb.watch/i-beCrwsWQ/,Facebook,9/4/2019,12:42 PM,
147,34,Our hospital has received over 100 hatchlings after Hurricane Dorian! If you find distressed or injured hatchlings please transport them in damp sand with no water to our 24-hour hatchling drop off cooler at the entrance,https://fb.watch/i-bmn8E8mT/,Facebook,9/4/2019,2:11 PM,
148,35,"HURRICANE DORIAN UPDATE: Sept. 4, 6:38pm",https://fb.watch/i-c23YPbKp/,Facebook,9/4/2019,6:40 PM,
149,34,"Jermaine Bell has been saving his money to go to Disney World, but with Dorian closing in, he decided use his money to buy hot dogs and other snacks to hand out to hurricane evacuees in South Caroline",https://twitter.com/fox5dc/status/1169392195322949632?s=20,Twitter,9/4/2019,7:30 PM,
150,35,Here’s what Hurricane Dorian looks like from the International Space Station,https://twitter.com/nowthisnews/status/1169398486543953920?s=20,Twitter,9/4/2019,7:55 PM,
151,36,"wind duration swaths by category for #Dorian, zoomed in on Grand Bahama and Abaco Islands.As it stalled out, portions of the islands endured: hurricane-force winds for over 36 hours,  cat 2 for >24 hrs, cat 3 for 6-12 hours!",https://twitter.com/splillo/status/1169398977776803840?s=20,Twitter,9/4/2019,7:56 PM,
152,32,24 people have died in Hurricane Dorian,https://twitter.com/ThisIsMarietta/status/1169394516153049089?s=20,Twitter,9/4/2019,7:39 PM,
153,36,"""Tonight, Dorian is lashing the coastline of Florida and Georgia -- top winds that have increased to 110 miles an hour; its center will approach South Carolina tonight, North Carolina tomorrow night, all with hurricane-force winds.""",https://twitter.com/CBSEveningNews/status/1169389765315239936?s=20,Twitter,9/4/2019,7:20 PM,
154,34,"These boxes are to be sent to the Bahamas, where many ECU students are from. Please feel free to help out with blankets, toiletries, non perishable foods, and clothing",https://twitter.com/ECUTigerSGA/status/1169392942664081408?s=20,Twitter,9/4/2019,7:32 PM,
155,34,UMiami is launching “The U Responds: Hurricane #Dorian Response Fund” to support recovery efforts in the Bahamas and other hurricane-impacted communities,https://twitter.com/univmiami/status/1169389850920935429?s=20,Twitter,9/4/2019,7:20 PM,
156,28,Tropical storm conditions from #Dorian arriving tonight SW to NE along SC coast. Hurricane conditions in the morning. Flooding rains will become more persistent,https://twitter.com/DrRickKnabb/status/1169393385536442368?s=20,Twitter,9/4/2019,7:34 PM,
157,36,HURRICANE DORIAN has restrengthened a bit over the warm waters off southeastern GA with max sustained winds up to 110 mph! Forecast track has Dorian very close to the northeast coast of SC Thursday before passing near the NC Outerbanks overnight into Friday AM,https://twitter.com/ReedTimmerAccu/status/1169394377396875264?s=20,Twitter,9/4/2019,7:38 PM,
158,30,There is nothing left' on this island in the Bahamas after Hurricane Dorian,https://twitter.com/chazzysworld/status/1169391936035348480?s=20,Twitter,9/4/2019,7:28 PM,
159,34,Free virtual urgent care provided during Hurricane Dorian,https://twitter.com/SCEMD/status/1169395820019552256?s=20,Twitter,9/4/2019,7:44 PM,
160,35,Hurricane Dorian: US braced for 'life-threatening' storm surge,https://twitter.com/BBCWorld/status/1169397661314813954?s=20,Twitter,9/4/2019,7:51 PM,
161,32,"Hurricane Dorian's death toll rises to 21 as it charges up the US Southeast coast; claiming the lives of at least 20 in the Bahamas, as well as an elderly man in North Carolina",https://twitter.com/Seigonie/status/1169386949280448512?s=20,Twitter,9/4/2019,7:09 PM,
162,36,Florida gets the all clear!  Southe Carolina and North Carolina are paying close attention.  Dorian may weaken a bit tomorrow.  We are tracking Hurricane Dorian,https://twitter.com/glezak/status/1169392940629860353?s=20,Twitter,9/4/2019,7:32 PM,
163,28,"Hurricane Dorian live updates: Dorian, a Category 2 storm with 110 mph winds, is about 150 miles south of Charleston, South Carolina",https://twitter.com/nytimes/status/1169392199357947905?s=20,Twitter,9/4/2019,7:30 PM,
164,34,"Emergency personnel from Kitsap County are headed to the Bahamas to assist with medicare care, rescues and communications in the wake of Hurricane Dorian",https://twitter.com/KitsapSun/status/1169393918775123968?s=20,Twitter,9/4/2019,7:36 PM,
165,28,"8pm Wednesday Hurricane Dorian UPDATE. Winds remain 110 mph, and is moving NNW at 8mph.  The storm is now 130 miles south of Charleston",https://twitter.com/RobStormTeam2/status/1169399526731452416?s=20,Twitter,9/4/2019,7:59 PM,
166,32,Bahamian health minister says the death toll from Hurricane Dorian has risen from 7 to 20 on the islands and that the number was expected to rise.,https://twitter.com/NBCNews/status/1169398486661353478?s=20,Twitter,9/4/2019,7:55 PM,
167,35,Check out how planes are wisely staying away from Hurricane Dorian just off the GA coast,https://twitter.com/DChandleyFOX5/status/1169397396155117573?s=20,Twitter,9/4/2019,7:50 PM,
168,30,"""Storm chaser Brandon Clement says he was one of the first to fly over and see the devastation Hurricane Dorian caused in the Bahamas. “I’ve even seen some homes that… [had] 8- to-10 inch concrete reinforced with steel, just completely destroyed,"" he says.""",https://twitter.com/CNN/status/1169756707490291714,Twitter,9/5/2019,7:38 PM,
169,35,"""Hurricane Dorian skirts U.S. coast, soaking the Carolinas""",https://twitter.com/Reuters/status/1169757448439238656,Twitter,9/5/2019,7:41 PM,
170,32,"""Hurricane Dorian has killed at least 23 people in the Bahamas, an official says https://cnn.it/2zUNREZ""",https://twitter.com/CNN/status/1169743485806829568,Twitter,9/5/2019,6:45 PM,
171,34,"""US Coast Guard crews have rescued 201 people in the Bahamas since Hurricane Dorian began, according to a news release https://cnn.it/32uHnJd""",https://twitter.com/CNN/status/1169754581976473606,Twitter,9/5/2019,7:29 PM,
172,28,"""The northwest eye wall of Hurricane #Dorian is approaching Bald Head Island, North Carolina with maximum sustained winds of 105 mph. #NCwx""",https://twitter.com/WeatherNation/status/1169759547482759168,Twitter,9/5/2019,7:49 PM,
173,28,"""The weather for #Hopetown 9/2/2019 at 12:55pm is sunny skies with intermittent thin low cirrus, winds calm, pressure is 911.2mb #HurricaneDorian""",https://twitter.com/ExtremeStorms/status/1169706591391641601,Twitter,9/5/2019,4:19 PM,
174,38,"""SOLD OUT: This gas station in Elizabeth City, NC is out of fuel. The store clerk said they usually sell around 1,500 gallons of fuel a day but as people prepare for Hurricane Dorian, they’ve sold close to 4,000 gallons a day. Zone A is under mandatory evacuation order.""",https://twitter.com/GeenaArevalo/status/1169755175067762699,Twitter,9/5/2019,7:32 PM,
175,35,VIOLET VIEW: The skies over Florida turned purple as Hurricane Dorian churned north up the East Coast,https://fb.watch/i-9r9d-K9v/,Facebook,9/5/2019,6:37 PM,
176,34,"As Hurricane Dorian approaches, the United States Air Force has evacuated aircraft from bases that may be impacted by extreme weather conditions.",https://fb.watch/i-9De8VpTS/,Facebook,9/5/2019,4:00 PM,
177,34,"Hand of Hope is now partnering with Christ Fellowship as they begin providing help to those in need. This is in addition to our partnership with Convoy of Hope and Water Mission, who are also helping bring relief to many families and communities in the area",https://www.facebook.com/joycemeyerministries/photos/a.144786947383/10157661262862384/,Facebook,9/5/2019,3:37 PM,
178,30,"Photos show the devastation after hurricane Dorian hit the Bahamas, Sept. 3.",https://www.facebook.com/PeoplesDaily/posts/pfbid0W6WonLu5VeVTGtPhHHEQRqRevrcPhkQGTaS9x2fahhJVkBvXYRtT9BZzaVset6Uxl,Facebook,9/5/2019,8:30 AM,
179,34,"US Coast Guard crews have rescued 201 people in the Bahamas since Hurricane Dorian began, according to a news release",https://twitter.com/palmettonjg/status/1169750946102108162?s=20,Twitter,9/5/2019,7:29 PM,
180,28,"The northwest eye wall of Hurricane #Dorian is approaching Bald Head Island, North Carolina with maximum sustained winds of 105 mph",https://twitter.com/WeatherNation/status/1169759547482759168?s=20,Twitter,9/5/2019,7:49 PM,
181,35,Hurricane Dorian is on its way. Got everything prepped and ready.,https://twitter.com/mattdudleydrums/status/1169749144531021834?s=20,Twitter,9/5/2019,7:08 PM,
182,34,"Team M3Elite, taking time out of their day to volunteer at local shelters in Augusta, GA for the evacuees of Hurricane Dorian",https://twitter.com/1alex_myers/status/1169745591464841216?s=20,Twitter,9/5/2019,6:54 PM,
183,34,"MI Task Force 1 has finished their deployment to Florida, and are now heading to North Carolina to assist with the Hurricane Dorian response",https://twitter.com/GovWhitmer/status/1169758075626110976?s=20,Twitter,9/5/2019,7:43 PM,
184,38,"The weather for #Hopetown 9/2/2019 at 12:55pm is sunny skies with intermittent thin low cirrus, winds calm, pressure is 911.2mb  (Inside eye)",https://twitter.com/ReedTimmerAccu/status/1169758369986408448?s=20,Twitter,9/5/2019,7:45 PM,
185,36,"*Tropical* Impressive structure on currently CAT 2 Hurricane #Dorian off the coast of South and North Carolina at local sunset tonight, September 5th",https://twitter.com/severeweatherEU/status/1169754628147294209?s=20,Twitter,9/5/2019,7:30 PM,
186,35,A taste of what it was like in Charleston as Hurricane Dorian blew into the city,https://twitter.com/EMauroCBC/status/1169760381402845185?s=20,Twitter,9/5/2019,7:53 PM,
187,30,"devastation Hurricane Dorian caused in the Bahamas. “I’ve even seen some homes that… [had] 8- to-10 inch concrete reinforced with steel, just completely destroyed,""",https://twitter.com/CNN/status/1169756707490291714?s=20,Twitter,9/5/2019,7:38 PM,
188,32,"Hurricane Dorian has left a trail of devastation in the Bahamas after lashing the islands for three days, and killing at least 20 people",https://twitter.com/dwnews/status/1169754834779725825?s=20,Twitter,9/5/2019,7:31 PM,
189,32,"‘STAGGERING’ DEATH TOLL: Officials in the Bahamas say the death toll from Hurricane Dorian, which pummeled the islands as a massive Category 5 storm, remains at 23, but expect the final count will be “staggering.”",https://twitter.com/ABCWorldNews/status/1169753271638134784?s=20,Twitter,9/5/2019,7:24 PM,
190,38,"UF& @weatherflow are nearly 2 miles from my Kure Beach, NC location w/an anemometer that is gusting over 65mph.  Center of Dorian about 50 miles to my southeast w/hurricane gusts about 30 miles",https://twitter.com/JimCantore/status/1169757876463837185?s=20,Twitter,9/5/2019,7:43 PM,
191,32,Hurricane Dorian death toll rises to 23 in the Bahamas,https://twitter.com/thehill/status/1169758618138370048?s=20,Twitter,9/5/2019,7:46 PM,
192,31,People in the Bahamas say they're scouring for basic supplies after Hurricane Dorian,https://fb.watch/i-9ty4V2OA/,Facebook,9/6/2019,4:12 PM,
193,34,PETA's Emergency Rescue team wasted NO time leaping into action after receiving a report of a pelican who was unable to fly and stranded on a bridge in the middle of Hurricane Dorian. Four more wind-battered birds were found and all were brought to safet,https://fb.watch/i-9T1pgDYF/,Facebook,9/6/2019,6:13 PM,
194,34,55 smiling faces from the award-winning #DCEMS Dept. that worked 24 hour shifts and stood ready to answer the call during #HurricaneDorian.,https://www.facebook.com/DorchesterSCGov/posts/pfbid02RcvPPNzdL7oHmAUCv6p3NAqsiDeaLzAZoYLtK1ok2DHdSjUJjm1tgDus83tHPxWWl,Facebook,9/6/2019,3:10 PM,
195,28,Here is every forecast cone ever drawn by the NHC for #Hurricane #Dorian,https://twitter.com/splillo/status/1170120864853086208?s=20,Twitter,9/6/2019,7:45 PM,
196,34,"Brent Lowe, who is blind, carried his 24-year-old disabled son through high water and to safety in the Bahamas amid Hurricane Dorian",https://twitter.com/CNN/status/1170122141288796165?s=20,Twitter,9/6/2019,7:50 PM,
197,34,A Canadian Hurricane Dorian Relief Mission Aircraft has arrived at LPIA,https://twitter.com/Bahamaspress/status/1170113544878211073?s=20,Twitter,9/6/2019,7:16 PM,
198,34,"Crews are gathering from across Nova Scotia, New Brunswick, Ontario and Quebec as we prepare for Hurricane #Dorian. ",https://twitter.com/nspowerinc/status/1170112547699220480?s=20,Twitter,9/6/2019,7:12 PM,
199,30,Hurricane Dorian flooded streets in Virginia Beach,https://twitter.com/Quicktake/status/1170114826884014080?s=20,Twitter,9/6/2019,7:21 PM,
200,30,Hurricane #Dorian's storm surge washed over Pawley Island Thursday. The process of removing the sand is underway.  Drone video via Robbie Bischoff,https://twitter.com/EdPiotrowski/status/1170118578412105730?s=20,Twitter,9/6/2019,7:36 PM,
201,30,"Bahamians face a long road to recovery after Hurricane Dorian",https://twitter.com/Quicktake/status/1170108858594922497?s=20,Twitter,9/6/2019,6:57 PM,
202,28,Hurricane #Dorian Advisory 54A: Dorian Racing Northeatward Away From the Mid-Atlantic States,https://twitter.com/NHC_Atlantic/status/1170122015618949120?s=20,Twitter,9/6/2019,7:50 PM,
203,30,Bahamians are desperately trying to get out after Hurricane Dorian decimated the island nation,https://twitter.com/Quicktake/status/1170117500576653313?s=20,Twitter,9/6/2019,7:32 PM,
204,34,"More than a thousand Bahamians evacuated by the Grand Celebration cruise ship arrived in Palm beach, Florida, after it dropped more than 112 tons of supplies in Freeport, Grand Bahama in the wake of Hurricane Dorian's catastrophic damage to the Bahamas",https://fb.watch/i-aCMwHHbL/,Facebook,9/7/2019,3:03 PM,
205,30,"""I have no words to say how bad... maybe 1 in 10 house is standing,"" says one resident working to organize relief aid for victims",https://fb.watch/i-ajuCD80O/,Facebook,9/9/2019,9:30 AM,
206,30,"Hurricane Dorian has left nearly 70,000 Bahamians homeless and hundreds more are desperately looking for a way out. Over the weekend, as evacuations continue, dozens of Bahamians were told to get off a ferry headed to the US",https://fb.watch/i-bvIjeKhW/,Facebook,9/9/2019,11:45 AM,
207,34,"HELPING HAND: Bahamas Paradise Cruise Line’s “Grand Celebration” docked in West Palm Beach, Florida, after transporting 1,100 evacuees from the Bahamas, with the ship also delivering much-needed supplies, including bottled water, and hundreds of doctors and first responders to areas hardest-hit by Hurricane Dorian",https://fb.watch/i-ceNwCC7i/,Facebook,9/9/2019,1:00 PM,
208,31,"“I am concerned that people will not take it seriously still. Even though it looks better for us, it’s still going to be a serious effect on this area,” Linda Hudson, mayor of Fort Pierce, Florida, says of Hurricane Dorian. http://cnn.it/2PJhIuC",https://twitter.com/CNN/status/1168672704196747264,Twitter,9/2/2019,7:51 PM,
209,40,"With Hurricane Dorian on the way, the elections board has encouraged everyone to make a plan to vote Tuesday and Wednesday, before the hurricane hits! Find your polling place here: http://danmccready.com/voteearly #nc09 #ncpol",https://twitter.com/McCreadyForNC/status/1168674502831726593,Twitter,9/2/2019,7:58 PM,
210,36,#UPDATE: 8PM ADVISORY: DORIAN NOT MOVING: Hurricane Dorian still remains stationary over Grand Bahama - remains 25 miles NE of Freeport; Dorian's winds weakened to 140 MPH but remains a very dangerous CAT 4 system; NHC's next advisory is slated to be released for 11PM EST,https://twitter.com/KevzPolitics/status/1168673163020029953,Twitter,9/2/2019,7:52 PM,
211,38,"SQUALL and possible SPOUT with intense band and imbedded circulations, winds gusting over 40 mph at sunset after full rainbow over Cocoa Beach Pier, FL in outer band of #HurricaneDorian",https://twitter.com/ReedTimmerAccu/status/1168672100019781632,Twitter,9/2/2019,7:48 PM,
212,33,"Legoland Florida will be closed on Tuesday due to Dorian. ""Our thoughts and prayers are with those impacted by Hurricane Dorian. The safety of our employees and guests is our number one priority,"" the company said. https://cnn.it/2zL5ZkC",https://twitter.com/CNN/status/1168670463742140419,Twitter,9/2/2019,7:42 PM,
213,38,#HurricaneDorian's maximum sustained winds of 185 mph yesterday tied it for 5th place for strongest winds by a hurricane/typhoon/cyclone since 1980.  Hurricane Patricia (2015) in the eastern North Pacific has the record with 215 mph winds.,https://twitter.com/JamesVanFleet/status/1168670568700436480,Twitter,9/2/2019,7:51 PM,
214,37,"I'm just sick for #GrandBahama. Think about every thing you've done since you woke up this morning. For some families today, every single one of those seconds have been spent INSIDE Cat 4/5 Hurricane #Dorian...and it's still going!!! We must help them @RoyalCaribbean Family.",https://twitter.com/JamesVanFleet/status/1168670568700436480,Twitter,9/2/2019,7:42 PM,
215,36,"Hurricane Dorian has stalled over the Bahamas. Current track still brings dangerous rain, storm surges, and wind to the Florida, Georgia, and Carolina coastlines as the storm hugs the coast. Most models have the eye of the storm staying over water the next few days. Stay tuned!",https://twitter.com/BMacTV/status/1168673002076065792,Twitter,9/2/2019,7:52 PM,
216,40,At the Emergency Operations Center the Alpha and Bravo Shift are together for a briefing as the Alpha shift retires to get some sleep and the Bravo Shift will keep an eye on Hurricane Dorian continuing  the around the clock vigilance to protect Palm Beach County.,https://twitter.com/pbcloc/status/1168673663660503042,Twitter,9/2/2019,7:54 PM,
217,40,"Let me explain what the Declaration of Exigency Order is -The Minister of Finance, pursuant to the Tariff Act has declared an Exigency Order for the tax exemption on goods imported for rebuilding and relief purposes following the destruction caused by Hurricane Dorian",https://twitter.com/latraelrahming/status/1168670047113482240,Twitter,9/2/2019,7:40 PM,
218,40,"Chella Philips of Nassau, Bahamas brought 97 stray dogs to her home to protect them during Hurricane Dorian. She manages The Voiceless Dogs of Nassau, a group that works to pair local dogs with rescue and adoption organizations in the US #womenswork",https://twitter.com/GuRuth/status/1168669567398404096,Twitter,9/2/2019,7:38 PM,
219,38,"Life-threatening storm surge and dangerous winds are expected along the state’s coast as well as along the coasts of Georgia, Florida and the Carolinas, regardless of the hurricane’s exact track, the center said.",https://www.cnn.com/2019/09/03/us/hurricane-dorian-tuesday-wxc/index.html,News Source,9/2/2019,11:38 PM,
220,38,"The Category 2 storm, with winds of 110 mph, was lashing central Florida’s east coast Tuesday night, the National Hurricane Center said.",https://www.cnn.com/2019/09/03/us/hurricane-dorian-tuesday-wxc/index.html,News Source,9/2/2019,11:38 PM,
221,36,Dorian is moving north after battering the Bahamas. Miles of debris from houses smashed apart by the hurricane stretched Tuesday across the landscape of the Bahamas’ Great Abaco Island as the deadly storm left behind a paradise obliterated.,https://www.cnn.com/2019/09/03/us/hurricane-dorian-tuesday-wxc/index.html,News Source,9/2/2019,11:38 PM,
222,32,"The storm’s death toll, which officials fear will rise sharply, stands at seven people, according to Prime Minister Hubert Minnis.",https://www.cnn.com/2019/09/03/us/hurricane-dorian-tuesday-wxc/index.html,News Source,9/2/2019,11:38 PM,
223,31,"On Great Abaco, high winds remained but the rain had subsided Tuesday as residents emerged to gasp at the incredible devastation.",https://www.cnn.com/2019/09/03/us/hurricane-dorian-tuesday-wxc/index.html,News Source,9/2/2019,11:38 PM,
224,30,"Huge piles of rubble were what remained of businesses and homes wrecked by the strongest storm to hit the islands, aerial video showed.",https://www.cnn.com/2019/09/03/us/hurricane-dorian-tuesday-wxc/index.html,News Source,9/2/2019,11:38 PM,
225,30,"The Prime Minister told reporters after returning from an aerial tour of Great Abaco that he estimated there was damage to 60% of the homes there. According to a 2010 census, 17,224 people lived on the Abacos and there were about 5,200 occupied houses, apartments and townhomes with an additional 2,916 vacant units.",https://www.cnn.com/2019/09/03/us/hurricane-dorian-tuesday-wxc/index.html,News Source,9/2/2019,11:38 PM,
226,31,"Fortunately, New Providence Island and the capital of Nassau, which generate much of the Bahamas tourist revenue, had not been touched, the Prime Minister said.",https://www.cnn.com/2019/09/03/us/hurricane-dorian-tuesday-wxc/index.html,News Source,9/2/2019,11:38 PM,
227,33,"Dorian — the strongest hurricane ever to make landfall in the Bahamas — moved only 30 miles in 30 hours from Monday into Tuesday, mercilessly raking the same areas with destructive storm surge and winds.",https://www.cnn.com/2019/09/03/us/hurricane-dorian-tuesday-wxc/index.html,News Source,9/2/2019,11:38 PM,
228,36,"At 10 p.m. ET Tuesday, Dorian was heading slowly to the northwest at 6 mph. By the time the storm moves away, parts of the Bahamas will have received more than 30 inches of rain, forecasters said.",https://www.cnn.com/2019/09/03/us/hurricane-dorian-tuesday-wxc/index.html,News Source,9/2/2019,11:38 PM,
229,38,"Residents of the northern Bahamas, some trapped on roofs, sent out pleas for help as the storm thrashed the islands on Monday night, stalling at category five with 185mph win",https://www.bbc.com/news/world-latin-america-49561450,News Source,9/2/2019,NA,
230,32,"The BBC Weather service said that having remained stationary for many hours, the storm was now moving at 1mph (1.6kph) with maximum sustained winds of 115mph.",https://www.bbc.com/news/world-latin-america-49561450,News Source,9/2/2019,NA,
231,32,"But the NHC warned the storm was still producing higher gusts at 140 mph, with storm surges of 10ft-15ft (3m to 4.5m) above normal, and the agency advised residents to remain in shelter on Grand Bahama throughout Tuesday.",https://www.bbc.com/news/world-latin-america-49561450,News Source,9/2/2019,NA,
232,28,Palm Beach county in Florida - less than 100 miles to the west - saw gusts of up to 60mph on Tuesday.,https://www.bbc.com/news/world-latin-america-49561450,News Source,9/2/2019,NA,
233,34,"The Bahamas Press showed video of the Rand Memorial Hospital in Freeport under water, with patients forced to evacuate. The news site also relayed calls for help from residents trapped on roofs for hours",https://www.bbc.com/news/world-latin-america-49561450,News Source,9/2/2019,NA,
234,30,"Neither the Abacos nor Grand Bahama are much higher than 40ft above sea level at their highest points. The International Red Cross said it feared wells may have flooded, making clean water unavailable. The organisation said 13,000 houses were feared damaged or destroyed across the nation.",https://www.bbc.com/news/world-latin-america-49561450,News Source,9/2/2019,NA,
235,32,"He said that at least 21 people have been injured and taken to hospitals and that the images and videos seen by officials are heartbreaking, with many homes and businesses and other buildings completely or partially destroyed.",https://www.nbcnews.com/news/world/catastrophic-hurricane-dorian-pounds-north-bahamas-n1048786,News Source,9/2/2019,5:27 PM,
236,40,Dorian on Monday was called the strongest hurricane in modern records for the northwestern Bahamas,https://www.nbcnews.com/news/world/catastrophic-hurricane-dorian-pounds-north-bahamas-n1048786,News Source,9/2/2019,5:27 PM,
237,38,"By early Tuesday its maximum sustained winds dropped to 125 mph as it “won’t budge” and continued to affect Grand Bahama Island, the hurricane center said, which would make it a Category 3 hurricane on the Saffir-Simpson Hurricane Wind Scale.",https://www.nbcnews.com/news/world/catastrophic-hurricane-dorian-pounds-north-bahamas-n1048786,News Source,9/2/2019,5:27 PM,
238,28,"More than 70 nursing homes and assisted living facilities have evacuated along Florida's east coast. Many of the state's toll roads are suspended, and several ports have closed. In addition, more than 85 shelters are open statewide.",https://www.nbcnews.com/news/world/catastrophic-hurricane-dorian-pounds-north-bahamas-n1048786,News Source,9/2/2019,5:27 PM,
239,28,"Six counties east of Interstate 95 in Georgia were ordered to evacuate, Gov. Brian Kemp says.",https://www.nbcnews.com/news/world/catastrophic-hurricane-dorian-pounds-north-bahamas-n1048786,News Source,9/2/2019,5:27 PM,
240,28,"Millions of people along the southeastern coast of the United States are bracing for Dorian's effects over the next few days as meteorologists warn the storm, which was stationary late Monday will eventually veer north off the coast of Florida.",https://www.nbcnews.com/news/world/catastrophic-hurricane-dorian-pounds-north-bahamas-n1048786,News Source,9/2/2019,5:27 PM,
241,28,"President Donald Trump has approved emergency declarations for Florida, South Carolina and Georgia. ",https://www.nbcnews.com/news/world/catastrophic-hurricane-dorian-pounds-north-bahamas-n1048786,News Source,9/2/2019,5:27 PM,
242,28,Virginia Gov. The governors of North Carolina and Virginia have also declared states of emergency.,https://www.nbcnews.com/news/world/catastrophic-hurricane-dorian-pounds-north-bahamas-n1048786,News Source,9/2/2019,5:27 PM,
243,38,"Dorian made landfall on Great Abaco Island, a neighboring island to Grand Bahama, Sunday afternoon as a Category 5 storm. The hurricane center said its maximum sustained winds were 185 mph — an Atlantic hurricane record matched only by the Labor Day 1935 storm that struck the Florida Keys.",https://www.nbcnews.com/news/world/catastrophic-hurricane-dorian-pounds-north-bahamas-n1048786,News Source,9/2/2019,5:27 PM,
244,38,"Although sustained wind speeds decreased Monday after topping out at 165 mph, the storm's eye was parked over the Grand Bahama Island and the hurricane center said the situation remained ""life-threatening.",https://www.nbcnews.com/news/world/catastrophic-hurricane-dorian-pounds-north-bahamas-n1048786,News Source,9/2/2019,5:27 PM,
245,34,"Information began emerging from the affected islands, with Bahamas Power and Light saying there is a total blackout in New Providence, the archipelago's most populous island, according to the AP.",https://www.nbcnews.com/news/world/catastrophic-hurricane-dorian-pounds-north-bahamas-n1048786,News Source,9/2/2019,5:27 PM,
246,36,"“Still, we are expecting and do expect heavy rainfall, perhaps 10 inches or more, plus tropical storm-force winds, and we’re preparing for that,” Dove said on MSNBC early Tuesday. A state of emergency would be in effect at 7 a.m.",https://www.nbcnews.com/news/world/catastrophic-hurricane-dorian-pounds-north-bahamas-n1048786,News Source,9/2/2019,5:27 PM,
247,28,"On Sunday, the governors of South Carolina and Georgia ordered at least 1 million people to evacuate their coasts beginning Monday",https://www.nbcnews.com/news/world/catastrophic-hurricane-dorian-pounds-north-bahamas-n1048786,News Source,9/2/2019,5:27 PM,
248,28,Authorities in Florida ordered mandatory evacuations in some vulnerable coastal areas. ,https://www.nbcnews.com/news/world/catastrophic-hurricane-dorian-pounds-north-bahamas-n1048786,News Source,9/2/2019,5:27 PM,
249,40,"""We have been through this before... we have got this."" 
A mayor in Florida gives a rallying cry as Hurricane Dorian is expected to creep towards the US state later today. The storm is the strongest anywhere on the planet this year. https://cnn.it/2LlEiV1",https://fb.watch/i-O8CycamP/,Facebook,9/2/2019,8:15 PM,
250,30,"""That’s my kitchen window that water is hitting, and that has to be a minimum of about 20 feet above the ground."" Bahamas Minister for Agriculture Michael Pintard describes flooding from Hurricane Dorian at his house in Grand Bahama. https://cnn.it/32qGVvl",https://fb.watch/i-OgaN_zSR/,Facebook,9/2/2019,1:47 PM,
251,30,"“Everything’s floating.”
A Freeport man wades through knee-deep water that flooded his home as Hurricane Dorian batters the Bahamas, bringing life-threatening storm surge and flash flooding to the islands. https://abcn.ws/32kI2gb",https://fb.watch/i-OiE_IKpt/,Facebook,9/2/2019,10:40 PM,
252,36,HURRICANE HUNTERS: The Air Force Reserve Hurricane Hunters shared video of their efforts to track Hurricane Dorian. The Category 4 storm continued to batter the Bahamas early Monday while coastal residents from Florida to the Carolinas are keeping an eye on the storm's path that may bring it perilously close to the Southeast seaboard over the next few days. https://fxn.ws/2HxXX2T,https://fb.watch/i-OlQ3XMVH/,Facebook,9/2/2019,1:55 PM,
253,40,Hurricane Dorian Seen From Aboard the Space Station,https://www.nasa.gov/image-feature/hurricane-dorian-seen-from-aboard-the-space-station,News Source,9/2/2019,NA,
254,38,"Another significant problem is that high pressure to the north of Dorian has weakened during the last 24 hours, causing the storm's steering currents to collapse.",https://arstechnica.com/science/2019/09/hurricane-dorian-is-going-to-come-very-very-close-to-florida/,News Source,9/2/2019,9:15 AM,
255,40,"Such a track would be similar to Hurricane Matthew in 2016, with similar or worse damages depending on Dorian's track. Matthew caused an estimated $10 billion in damage to the United States, along with 34 direct fatalities, according to the National Hurricane Center's official report on the storm.",https://arstechnica.com/science/2019/09/hurricane-dorian-is-going-to-come-very-very-close-to-florida/,News Source,9/2/2019,9:15 AM,
256,36,Dorian's center could approach or briefly make landfall in Georgia or the Carolinas.,https://arstechnica.com/science/2019/09/hurricane-dorian-is-going-to-come-very-very-close-to-florida/,News Source,9/2/2019,9:15 AM,
257,36,"Storm surge, winds, and heavy inland rainfall are all significant threats as Dorian moves up the southeastern United States Atlantic coast.",https://arstechnica.com/science/2019/09/hurricane-dorian-is-going-to-come-very-very-close-to-florida/,News Source,9/2/2019,9:15 AM,
258,40,"As many were quick to point out, that’s quite the statement considering Dorian is the fourth Category 5 hurricane to threaten the United States since Trump took office. ",https://slate.com/news-and-politics/2019/09/trump-says-isnt-sure-ever-even-heard-category-5-hurricane.html?fbclid=IwAR05j4jWlj2lrT9AiBo5BYaeu56UuEKGc0z3Fs3avKxkIOIo6mDFv4E4GPs,News Source,9/1/2019,6:53 PM,
259,40,As surprising as Trump’s statement may be it wasn’t the first time Trump appeared shocked at the mere existence of a Category 5 hurricane. ,https://slate.com/news-and-politics/2019/09/trump-says-isnt-sure-ever-even-heard-category-5-hurricane.html?fbclid=IwAR05j4jWlj2lrT9AiBo5BYaeu56UuEKGc0z3Fs3avKxkIOIo6mDFv4E4GPs,News Source,9/1/2019,6:53 PM,
260,40,Multiple cabinet secretaries are briefed by FEMA acting director,https://abcnews.go.com/Politics/mcaleenan-fema-headquarters-talks-dorians-approach-us-mainland/story?id=65314932,News Source,9/1/2019,11:20 AM,
261,40,"""We have 3,000 people already deployed across the federal government agencies for this storm,"" he said.",https://abcnews.go.com/Politics/mcaleenan-fema-headquarters-talks-dorians-approach-us-mainland/story?id=65314932,News Source,9/1/2019,11:20 AM,
262,39,"Acting FEMA Director Pete Gaynor said Sunday that his agency is still short 2,000 reservists, but said it shouldn’t impact the government’s ability to handle Hurricane Dorian, which was upgraded to a Category 5 storm early Sunday.",https://nypost.com/2019/09/01/hurricane-dorian-acting-fema-head-says-agency-is-short-staffed-but-ready-for-storm/,News Source,9/1/2019,12:11 PM,
263,39,"“And we have 3,000 people already deployed across federal agencies for this storm, about half of those are direct FEMA employees,” McAleenan said. “So we’re ready.”",https://nypost.com/2019/09/01/hurricane-dorian-acting-fema-head-says-agency-is-short-staffed-but-ready-for-storm/,News Source,9/1/2019,12:11 PM,
264,36,"U.S. Air Force Col. David Lopez said in a statement Tuesday that F-22 Raptor fighter jets and T-38 Talon training planes will leave Langley Air Force Base in Hampton. The planes will fly to the Rickenbacker Air National Guard Base outside Columbus, Ohio",https://www.militarytimes.com/news/your-military/2019/09/01/heres-what-military-installations-are-doing-about-hurricane-dorian-now-a-180-mph-cat-5-monster/?fbclid=IwAR3aHTwVPdhDyDwdc7Uk04T4OqXW1SCc3kvTnsrc6OJoWv9biZZZ5tyjIck,News Source,9/1/2019,NA,
265,36,"The 45th Space wing declared Hurricane Condition 2 on Sept. 1, indicating surface winds in excess of 50 knots (58 mph) could arrive in the area of Patrick Air Force Base and Cape Canaveral Air Force Station within 24 hours. Base officials ordered a limited evacuation order and closed the base to all non-essential personnel, appropriated and non-appropriated, at 10 a.m. Sept. 1.",https://www.militarytimes.com/news/your-military/2019/09/01/heres-what-military-installations-are-doing-about-hurricane-dorian-now-a-180-mph-cat-5-monster/?fbclid=IwAR3aHTwVPdhDyDwdc7Uk04T4OqXW1SCc3kvTnsrc6OJoWv9biZZZ5tyjIck,News Source,9/1/2019,NA,
266,36,The commander of U.S. Naval Forces Southern Command/U.S. 4th Fleet ordered ships homeported at Naval Station Mayport to sortie to areas of the Atlantic to avoid the storm. Aircraft will also be moved to avoid potential damage.,https://www.militarytimes.com/news/your-military/2019/09/01/heres-what-military-installations-are-doing-about-hurricane-dorian-now-a-180-mph-cat-5-monster/?fbclid=IwAR3aHTwVPdhDyDwdc7Uk04T4OqXW1SCc3kvTnsrc6OJoWv9biZZZ5tyjIck,News Source,9/1/2019,NA,
267,36,#DYK we have a Super Sentinel we use to respond to disasters and emergencies? Its headed east for a potential Hurricane #Dorian response. We will use it to set up a command post if we're requested to help the response effort.,https://twitter.com/USArmyNorth/status/1168178087755943941?t=gN8FW3djMWGqnVB0yDcZPA&s=19&fbclid=IwAR0d3dDaEJlno5LtYdRL2ByqKbBWUezkdqNnb6taiIkQFlBA57Wp6n2jkm8,Twitter,9/1/2019,11:05 AM,
268,36,"U.S. Airmen, assigned to the 169th Logistics Readiness Squadron, load equipment for a group of 32 Airmen from the South Carolina Air National Guard's 169th Fighter Wing at McEntire Joint National Guard Base, in Eastover, South Carolina as they prepare to depart for Bluffton, South Carolina, Sept. 1, 2019, to provide Hurricane Dorian response support to civilian partners.",https://commons.m.wikimedia.org/wiki/File:South_Carolina_National_Guard_prepares_to_respond_to_Hurricane_Dorian%E2%80%99s_impact_to_state_(48683771758).jpg?fbclid=IwAR3LXlchXMx0WSVvhnyF8mJH7KsVeU0Gae-M2PrisynswvMzhlmiDF7EhvE,News Source,9/1/2019,NA,
269,34,Bahamanian PM urges residents to flee and starts crying. Tells those who have not fled that he hopes God will be with them,https://www.caribbeannationalweekly.com/caribbean-breaking-news-featured/bahamas-prime-minister-after-hurricane-dorian-destroys-abaco-island/?fbclid=IwAR1dgu7SQio8nmN-oDHlnEAXAQC6MiY4kyBFDVahUGDzkwskjtEtP8oshBo,News Source,9/1/2019,NA,
270,35,"In the latest update from the NHC at 2:00 pm (local time), the extremely distinct eye of Hurricane Dorian was located near latitude 26.5 North, longitude 77.1 West",https://www.caribbeannationalweekly.com/caribbean-breaking-news-featured/bahamas-prime-minister-after-hurricane-dorian-destroys-abaco-island/?fbclid=IwAR1dgu7SQio8nmN-oDHlnEAXAQC6MiY4kyBFDVahUGDzkwskjtEtP8oshBo,News Source,9/1/2019,NA,
271,35,"Dorian is moving toward the west near 7 mph (11 km/h) and a slower westward motion should continue for the next day or two, followed by a gradual turn toward the northwest.",https://www.caribbeannationalweekly.com/caribbean-breaking-news-featured/bahamas-prime-minister-after-hurricane-dorian-destroys-abaco-island/?fbclid=IwAR1dgu7SQio8nmN-oDHlnEAXAQC6MiY4kyBFDVahUGDzkwskjtEtP8oshBo,News Source,9/1/2019,NA,
272,35,"Sunday, as the storm ravaged islands in the Bahamas, many forecasts showed the storm’s center probably edging a bit back to the west — ever closer to Florida’s densely populated southeastern coast.",https://www.tampabay.com/hurricane/2019/09/01/3-reasons-hurricane-dorian-has-been-so-hard-to-forecast/,News Source,9/1/2019,NA,
273,35,"In the case of Dorian, those 24 hypothetical miles could make all the difference. In the event that the storm moves one mile per hour faster than expected, if everything else about a forecast is correct, the storm would be 24 miles closer to Florida before it makes its inevitable turn north.",https://www.tampabay.com/hurricane/2019/09/01/3-reasons-hurricane-dorian-has-been-so-hard-to-forecast/,News Source,9/1/2019,NA,
274,35,"Dorian strengthened rapidly, from a category two hurricane all the way up to a monster category five storm in just a matter of days. That rapid intensification affected how the storm will move, Masters said, because intensifying storms tend to grow in size.",https://www.tampabay.com/hurricane/2019/09/01/3-reasons-hurricane-dorian-has-been-so-hard-to-forecast/,News Source,9/1/2019,NA,
275,36,"A storm surge of up to 15 to 20 feet is possible and as much as 24 inches of rain could fall on the Bahamas, the center warned.",https://kiowacountypress.net/content/dorian-now-category-5-hurricane-much-southeast-us-alert?fbclid=IwAR0671otkbPykykRilBUTT_RH5BrmGGr9dypYRFE00k5HrTyEXjoJazsTyg,News Source,9/1/2019,NA,
276,36,"The hurricane was moving slowly westward about 225 miles east of West Palm Beach, according to the center's 8 a.m. bulletin. It is expected to reach the U.S. sometime between late Monday and Tuesday.",https://kiowacountypress.net/content/dorian-now-category-5-hurricane-much-southeast-us-alert?fbclid=IwAR0671otkbPykykRilBUTT_RH5BrmGGr9dypYRFE00k5HrTyEXjoJazsTyg,News Source,9/1/2019,NA,
277,31,Looking into the eye of the second most powerful landfalling hurricane on record in the Atlantic. Winds are gusting well over 300 km/h. #hurricanedorian,https://twitter.com/AnthonyFarnell/status/1168278395551191042?t=_gQVKkUpSS_6zxavSlNREw&s=19&fbclid=IwAR08X_xS9XRgB73Qw9CDMN-Z-jaBqh1-ENRUwBo5SyqEDhEmWiamMspffBc,Twitter,9/1/2019,5:44 PM,
278,32,"A menacing Hurricane Dorian made landfall in the northern Bahamas midday Sunday after strengthening to a ""catastrophic"" Category 5 storm -- packing winds of 185 mph and the threat of torrential rain that could last for days as millions in the U.S. along the Southeast coast from Florida to North Carolina are keeping an eye on where the storm may head next.",https://www.foxnews.com/us/hurricane-dorian-bahamas-warning-florida-carolinas,News Source,9/1/2019,2:08 PM,
279,32,"The storm made the first landfall at 12:40 p.m. in Elbow Cay and is located about 185 miles east of West Palm Beach, Florida.",https://www.foxnews.com/us/hurricane-dorian-bahamas-warning-florida-carolinas,News Source,9/1/2019,2:08 PM,
280,35,"Wind gusts of over 220 mph and a storm surge of 18 to 23 feet above normal tide levels with higher ""destructive waves"" are forecast to continue for several hours over the affected areas. T",https://www.foxnews.com/us/hurricane-dorian-bahamas-warning-florida-carolinas,News Source,9/1/2019,2:08 PM,
281,40,"The storm is tied for number two for the highest sustained winds on record in an Atlantic hurricane, according to Fox News Chief Meteorologist Rick Reichmuth.",https://www.foxnews.com/us/hurricane-dorian-bahamas-warning-florida-carolinas,News Source,9/1/2019,2:08 PM,
282,38,"Government spokesman Kevin Harris said Sunday that Dorian is expected to impact some 73,000 residents and 21,000 homes",https://www.foxnews.com/us/hurricane-dorian-bahamas-warning-florida-carolinas,News Source,9/1/2019,2:08 PM,
283,34,"Officials in the Bahamas said Sunday that dozens of people were ignoring evacuation orders, and they were warned that they were placing their lives in danger.",https://www.foxnews.com/us/hurricane-dorian-bahamas-warning-florida-carolinas,News Source,9/1/2019,2:08 PM,
284,35,"Between 12 to 24 inches of rain is forecast for the northwestern Bahamas, with isolated amounts up to 30 inches, according to the NHC. Dorian is also forecast to bring a life-threatening storm surge with water levels raised as much as 15 to 20 feet above normal in areas of onshore winds on the Abaco Islands and Grand Bahama Island.",https://www.foxnews.com/us/hurricane-dorian-bahamas-warning-florida-carolinas,News Source,9/1/2019,2:08 PM,
285,28,Hurricane Dorian intensified once again Sunday as it approached northern Bahamas and has been elevated to a Category 5 storm.,https://slate.com/news-and-politics/2019/09/hurricane-dorian-strengthens-catastrophic-category-5.html?fbclid=IwAR1D_Zz79A0lGY2KjAibIwhCsjcsv_H9d8ZuY5tFodPJjTokrrB-XlMDWBk,News Source,9/1/2019,9:03 AM,
286,28,"He is currently passing directly over Abacos as a very strong cat 5 storm with winds of 185mph, central pressure of 910mb (cat 5 range > 156mph).",https://jyotikastorms.blogspot.com/2019/09/hurricane-dorian-september-1-update-a.html?m=1&fbclid=IwAR0F7ukQE73OLJ7ApYslkEs4Qn6ExuLQ7BJK6E6qTElBU44tovI88eIPvFo,News Source,9/1/2019,NA,
287,32,The hurricane warning stretches from Jupiter Inlet (just north of West Palm Beach) to the Volusia/Brevard county line (just north of Titusville).,https://www.washingtonpost.com/weather/2019/09/01/catastrophic-hurricane-dorian-unleashes-devastating-blow-northern-bahamas-takes-aim-southeast-us/?fbclid=IwAR0yPS7LnBz5erjxS2E1253SrT6fBtQ-y554vOpqUTcwIHAR9jqujqSMjeQ,News Source,9/1/2019,11:20 PM,
288,36,"The storm surge warning spans from near West Palm Beach to Titusville. In some areas the surge could reach 4 to 7 feet, the Hurricane Center projects.",https://www.washingtonpost.com/weather/2019/09/01/catastrophic-hurricane-dorian-unleashes-devastating-blow-northern-bahamas-takes-aim-southeast-us/?fbclid=IwAR0yPS7LnBz5erjxS2E1253SrT6fBtQ-y554vOpqUTcwIHAR9jqujqSMjeQ,News Source,9/1/2019,11:20 PM,
289,36,"In addition to the wind and surge, about to three to six inches of rain is projected along Florida’s east coast.",https://www.washingtonpost.com/weather/2019/09/01/catastrophic-hurricane-dorian-unleashes-devastating-blow-northern-bahamas-takes-aim-southeast-us/?fbclid=IwAR0yPS7LnBz5erjxS2E1253SrT6fBtQ-y554vOpqUTcwIHAR9jqujqSMjeQ,News Source,9/1/2019,11:20 PM,
290,28,"As of 11 p.m., the storm was 55 miles east of Freeport on Grand Bahama Island and was crawling west at 5 mph. The storm’s peak winds were 180 mph, and Dorian has maintained Category 4 and now Category 5 intensity for an unusually long period.",https://www.washingtonpost.com/weather/2019/09/01/catastrophic-hurricane-dorian-unleashes-devastating-blow-northern-bahamas-takes-aim-southeast-us/?fbclid=IwAR0yPS7LnBz5erjxS2E1253SrT6fBtQ-y554vOpqUTcwIHAR9jqujqSMjeQ,News Source,9/1/2019,11:20 PM,
291,36,"Because the storm is predicted to be a slow mover, effects from wind, rain and storm surge could be prolonged, lingering through the middle of next week on Florida’s east coast.",https://www.washingtonpost.com/weather/2019/09/01/catastrophic-hurricane-dorian-unleashes-devastating-blow-northern-bahamas-takes-aim-southeast-us/?fbclid=IwAR0yPS7LnBz5erjxS2E1253SrT6fBtQ-y554vOpqUTcwIHAR9jqujqSMjeQ,News Source,9/1/2019,11:20 PM,
292,36,"The latest storm surge forecast for Florida shows that if the peak surge occurs at the time of high tide, the area from the Volusia and Brevard County Line to Jupiter Inlet could see 4 to 7 feet of water above ground, while the region from Deerfield Beach to Jupiter Inlet experiences 2 to 4 feet.",https://www.washingtonpost.com/weather/2019/09/01/catastrophic-hurricane-dorian-unleashes-devastating-blow-northern-bahamas-takes-aim-southeast-us/?fbclid=IwAR0yPS7LnBz5erjxS2E1253SrT6fBtQ-y554vOpqUTcwIHAR9jqujqSMjeQ,News Source,9/1/2019,11:20 PM,
293,28,"The storm’s peak sustained winds rank as the strongest so far north in the Atlantic Ocean east of Florida on record. Its pressure, which bottomed out at 910 millibars, is significantly lower than Hurricane Andrew’s when it made landfall in south Florida in 1992 (the lower the pressure, the stronger the storm).",https://www.washingtonpost.com/weather/2019/09/01/catastrophic-hurricane-dorian-unleashes-devastating-blow-northern-bahamas-takes-aim-southeast-us/?fbclid=IwAR0yPS7LnBz5erjxS2E1253SrT6fBtQ-y554vOpqUTcwIHAR9jqujqSMjeQ,News Source,9/1/2019,11:20 PM,
294,31,The eye of #Dorian has made a second landfall at 2 pm EDT (1800 UTC) on Great Abaco Island near Marsh Harbour.  Maximum sustained winds were 185 mph at the time. This is tied for the strongest Atlantic hurricane landfall on record with the 1935 Labor Day hurricane.,https://twitter.com/NHC_Atlantic/status/1168223498180808706?t=mP3owMCeScw_nuYpDYOQNg&s=19&fbclid=IwAR14v4Ugf3ptMRzeGo2lYhOg8XlPt_pDfc8_KX9ux2CF7wbJO9xw8xj6rI0,Twitter,9/1/2019,2:06 PM,
295,31,"8 pm EDT Hurricane #Dorian update:

75 mi E of Freeport, Grand Bahama Island
Moving west at 5 mph.
185 mph
915 hPa",https://twitter.com/MikeAdcockWx/status/1168311127534555136,Twitter,9/1/2019,7:54 PM,
296,31,"UPDATE: NOAA's #GOES16 watches the sun set on Cat. 5 #HurricaneDorian, as it slammed into Great Abaco today. With wind gusts more than 220 mph & storm surge 18 to 23 feet above normal, 
@NHC_Atlantic
 says #Dorian's western eyewall is approaching eastern #GrandBahamaIsland.",https://twitter.com/NOAASatellitePA/status/1168305570824314882,Twitter,9/1/2019,7:32 PM,
297,31,"KTSM's Satellite is showing, Hurricane Dorian's 'Eye' made landfall on Marsh Harbour around 10 a.m. taking more than 7 hours to move through. Next hit for the eye, Freeport.  Dorian its self is 65 miles away from Florida.",https://twitter.com/CelinaDomEnergy/status/1168307504364888064,Twitter,9/1/2019,7:39 PM,
298,,,,,,,
299,,,,,,,
300,,,,,,,